1869141244750024757,4338756141,2024-12-17T22:02:54.000Z,"""@JamesTate121 ğŸŒ Stand for Change with Luigi Mangione!  ğŸ‘• Grab your shirt now and join the movement! Shirt linkğŸ‘‰ [https://t.co/NL6RrTWnyT]  #HealthCareShouldBeFree #LuigiMangione #HealthCareForAll #UniversalHealthCare #EqualityMatters #WearYourValues"""
1869126701575508033,1100182336132579329,2024-12-17T21:05:07.000Z,"""Leaked internal documents raise questions that #UnitedHealthcare may be violating the Mental Health Parity Act of 2008 and federal Medicaid laws by denying autism services to Medicaid recipients.   #autism #medicaid #healthcareforall #healthinsurance   https://t.co/2yB94XHmTc"""
1869122159668346955,468563500,2024-12-17T20:47:04.000Z,"""URGENT CALL TO ACTION ğŸš¨  The final week of the 118th Congress is here, and YOUR help is needed to push critical PBM reform!  https://t.co/4AFGTlWyPt  #PBMReform #ActNow #SupportPharmacies #HealthcareForAll"""
1869084402573062452,1800559580650557440,2024-12-17T18:17:02.000Z,"""If you are looking to submit a proposal to I-SPY 2 to access I-SPY data or clinical specimens for original research, you can do so at our website.   #HealthcareForAll #InnovateHealthcare #PersonalizedMedicine #PatientCare #HealthEquity #HealthcareInnovation"""
1869077923686384010,1833025299258470400,2024-12-17T17:51:17.000Z,"""@politico Absolutely, we need Democrats who are willing to take a stand against war and prioritize healthcare for all. Let's bring back the anti-war party! #NoMoreWar #HealthcareForAll"""
1869076582381597163,60490936,2024-12-17T17:45:57.000Z,"""@BRICSinfo #Russia coming in strong with a potential game-changer. If this works, it could be one of the greatest breakthroughs of our time. ğŸ¤¯  Cancer patients worldwide deserve this. #Innovation #HealthcareForAll"""
1869021202649317434,1039569172701818881,2024-12-17T14:05:54.000Z,"""Itâ€™s a step forward for equity, public health, and community well-being. ğŸ“¢ Apply today: https://t.co/i24nRkvxGj. #HealthcareForAll #ImmigrantInclusion #MinnesotaCare #PublicHealth #copalMN #HistoryInTheMaking #MNCare"""
1869019784152863177,1748646611960418309,2024-12-17T14:00:15.000Z,"""ğŸ©ºAmaravati Today: Update on #AyushmanBharatDigitalMission! Over 71.16 Cr ABHA created, 3.54 Lac+ facilities on HFR, 5.37 Lac+ professionals on HPR, &amp; 45.99 Cr records linked. #ABDM #HealthcareForAll #India"""
1869013580374483275,426981318,2024-12-17T13:35:36.000Z,"""@getrealatx @RepCasar It's disheartening to see the focus being shifted from improving healthcare and ensuring accurate Census data to creating fear among immigrants. Everyone deserves access to healthcare and representation, regardless of their immigration status. #HealthcareForAll #AccurateCensus"""
1869009443117318335,1834879910927835136,2024-12-17T13:19:10.000Z,"""Niva Bupa was such a reliable health insurance provider. Their team was always available to assist, and the rates were affordable. I felt confident with them. ğŸ’š #HealthCareForAll @Niva_Bupa"""
1868979324654960906,1864609845481177088,2024-12-17T11:19:29.000Z,"""Weâ€™re proud to introduce New Pulse Hospital, your new home for world-class healthcare right here in Town Ship! ğŸ¥ğŸ’™ ğŸ”¹ Expert Doctors ğŸ”¹ Advanced Technology ğŸ”¹ Compassionate Care Your health, our priority. Letâ€™s start this journey together! ğŸ’ª #NewPulseHospital #HealthcareForAll"""
1868957810991710451,1516813713122152448,2024-12-17T09:54:00.000Z,"""ğŸš¸ Child Health at Risk: Overcrowding and inadequate medicine supplies in camps jeopardize under-five children. Targeted health initiatives are vital. #ProtectChildren #HealthCareForAll"""
1868948472193564909,1820348779557498880,2024-12-17T09:16:53.000Z,"""Fauji Foundation is transforming lives through accessible healthcare for millions in Pakistan. From hospitals to welfare programs, weâ€™re delivering quality care where it matters most.   Learn more:  https://t.co/JQSUkRcsfD  #HealthcareForAll #FaujiFoundation"""
1868936754096730406,1855250405216911360,2024-12-17T08:30:19.000Z,"""Compassionate care, cutting-edge technology â€” at #ParasHealth, we're redefining healthcare with excellence and trust. Your health is our priority. #HealthcareForAll"""
1868936581639467324,866631347191918593,2024-12-17T08:29:38.000Z,"""@nature_sabine It's essential to advocate for policies that maintain and strengthen these subsidies to protect public health and financial security. #HealthcareForAll #AffordableCare"""
1868921924866515290,1685893546992394241,2024-12-17T07:31:24.000Z,"""Success stories like these drive us to do more! The Spine Foundation is making a difference. #thespinefoundation #Backpain #Mumbai #Healthcareforall #India   https://t.co/ZdjNMdHRui"""
1868919860027441190,1528784800307355648,2024-12-17T07:23:12.000Z,"""@FrankPallone @frankpallone, I agree, but what about Ukraine? We're fighting against Russian aggression &amp; our healthcare is a mess too! Joining NATO would help us modernize our military &amp; receive aid for our struggling healthcare system #UkraineDeservesNATO #HealthcareForAll"""
1868894621331603765,1505095847562084354,2024-12-17T05:42:54.000Z,"""@Kamal_Prt_Insan @Gurmeetramrahim A revolutionary step towards accessible healthcare for all! Kudos to Saint Dr. MSG for ""Nanha Farishta."" #MobileHospital #HealthcareForAll"""
1868871767118561550,1766009553047703552,2024-12-17T04:12:05.000Z,"""@Nehainsan25 Transforming healthcare with innovation! Nanha Farishta is a lifeline for the underserved. ğŸš‘âœ¨ #HealthcareForAll"""
1868871606648684758,1766009553047703552,2024-12-17T04:11:27.000Z,"""@itz_Guri_ji @Gurmeetramrahim @insan_honey @GreenSwelfares Incredible initiative! Nanha Farishta is truly a blessing for rural India. ğŸš‘â¤ï¸ #MobileHospital #HealthcareForAll"""
1868863945978835297,39296425,2024-12-17T03:41:01.000Z,"""This is why no one likes you @UHC @UnitedHealthGrp @AHP_Insurance , et al #HealthcareReform #HealthcareForAll #MedicareForAll  https://t.co/C0RZ9I3lsq"""
1868854356822393103,1843167639595573248,2024-12-17T03:02:54.000Z,"""The truth is complicated: how could a healthcare CEO be the bad guy when liberals have been advocating for better access to medicine? #HealthcareForAll #Oops"""
1868818914471559256,1796191267686158336,2024-12-17T00:42:04.000Z,"""@VP Great to see efforts paying off! ğŸ™Œ Reducing health care costs is a huge win for millions. Keep pushing for change. ğŸ’ª #HealthcareForAll #Progress"""
