1867355502499496436,1544435663541526528,2024-12-12T23:47:00.000Z,"""Sign up for our newsletter!  https://t.co/aQVSdVpDUM  #newsletter #economy #economics #inequality #taxes #taxtherich #billionaires #wealth #taxbillionaires #nonprofits #nonprofit https://t.co/N5GiCeBcA4"""
1867344798509674628,60744717,2024-12-12T23:04:28.000Z,"""@RawStory Look for a big #Crackdown on #FreeSpeech and other #FirstAmendment #Rights in order to quell any #ClassWar uprising from the #Rabble. Got to protect #Capital, #CEO s and #Billionaires from an #EatTheRich movement. #TaxTheRich"""
1867332955259253162,32534065,2024-12-12T22:17:24.000Z,"""So weird that all these single-payer countries don‚Äôt vote to revert back to a ruinous American-style private-insurance healthcare system!  #MedicareForAll #AOC2028 #TaxTheRich https://t.co/cFg1P7Lbyh"""
1867318062573400321,2334980822,2024-12-12T21:18:13.000Z,"""That's it! #TaxTheRich via @RichardAngwin https://t.co/JmGf2iYbZ3"""
1867317883577282626,1036669433618432000,2024-12-12T21:17:31.000Z,"""We're moving money out of our communities. #TaxTheRich  https://t.co/JgsLOu7AFw"""
1867291784335827344,37290928,2024-12-12T19:33:48.000Z,"""After saying he wouldn't even try tobring down prices, #donthecon is giving more handouts to the  billionaire class. Dont be #MAGAMorons... hold him accountable #MAGA tell him to #TaxTheRich. https://t.co/x52piTn2Mr"""
1867288443014758414,939168575822139397,2024-12-12T19:20:32.000Z,"""@insm Bullshit  #TaxTheRich"""
1867286835791376812,103303555,2024-12-12T19:14:08.000Z,"""@UKLabour Your worse than austerity policy is a total disgrace. Also very ignorant. Jeremy Corbyns #GreenIdustrialRevolution had great policies which were funded. #TaxTheRich"""
1867279617067028616,1108007652838305794,2024-12-12T18:45:27.000Z,"""#TaxTheRich other countries do!!! üëá https://t.co/gRlvZBX8ea"""
1867276258679435303,3975350957,2024-12-12T18:32:07.000Z,"""@BharatRamamurti As always: watch what they do, not what they say. #TaxTheRich"""
1867271580046286869,1497618392869650438,2024-12-12T18:13:31.000Z,"""@RBReich .@RonPaul keep an eye on Musk. #TaxTheRich &amp; #PeaceNow to preserve Social #SafetyNet &amp; enact #M4A  IRS &amp; Treasury led by lawyers who are experts at helping wealthy evade $688 bill/y taxes) https://t.co/qsyGM7kEO8  And ü™ìMIC/NSA/DHS/FBI/CIA/ü™ñüëÆ‚Äç‚ôÇÔ∏èbudgets https://t.co/qom5d685xF https://t.co/pktNKHlNcm"""
1867265123032904180,1262133102,2024-12-12T17:47:52.000Z,"""@MrRaceBannon The remaining states would immediately be bankrupt. #TaxBillionaires #TaxTheRich #RepublicansAreDestroyingAmerica #GOPLies @GOP #deportelonMusk #TraitorsSupportTraitorTrump #TraitorTrump"""
1867263522628939784,1797007717350977537,2024-12-12T17:41:30.000Z,"""This piece of shit earns millions every hour, but wants to steal your grandmother's SS because he thinks $1900 a month to barely live on, is too much. Meanwhile, he has his hand out begging for more tax cuts. #deportelonMusk #TaxTheRich https://t.co/oD6FwEmI7x"""
1867263025964634232,1797007717350977537,2024-12-12T17:39:32.000Z,"""@BlxckSwiss_ And this is the same asshole who wants to take SS away from the elderly because he thinks $1900 a month to barely survive on, is too much. The same asshole who makes millions every hour. The same asshole who has his hand out begging for more tax cuts. #TaxTheRich #deportelonMusk"""
1867261636869779462,40717489,2024-12-12T17:34:00.000Z,"""#LeonaHelmsley was sentenced to four years in prison, 750 hours of community service &amp; a $7.1 million fine for tax fraud #OnThisDay in 1989; the Queen of Mean said  ""only the little people pay taxes,"" which is true enough &amp; why we need to #TaxTheRich~! https://t.co/xVXLBBz45e https://t.co/4f6JRLkafy"""
1867252508676305363,17177866,2024-12-12T16:57:44.000Z,"""@RepMarkPocan This is spot on. The wealthiest 1% hoard resources and dodge taxes while manipulating the narrative to pit us against each other. Solidarity is our strength ‚Äì let's fight for a system that works for ALL of us, not just the ultra-rich. #TaxTheRich #EndInequality"""
1867250984818553029,140981206,2024-12-12T16:51:41.000Z,"""@TiceRichard What‚Äôs the point of private education if it cranks out rich fascists who can‚Äôt even do basic maths? You think 0.04% x 100,000 is &lt;0.2 (actually it‚Äôs 40). See video from 18s. #StopFascism #TaxTheRich https://t.co/Kw7FCa3bWw"""
1867249763391090725,450325302,2024-12-12T16:46:50.000Z,"""@_rathbone Why are some people such wealth hoarding apologists? Hoarding is hoarding. #TaxTheRich"""
1867248253042917787,1758187003596738560,2024-12-12T16:40:49.000Z,"""If you have money, leave India üáÆüá≥ #India #taxsystem #TaxTheRich #TaxBillionaires #poor #rich #Wealth"""
1867246403182833961,1497618392869650438,2024-12-12T16:33:28.000Z,"""@MisterNoSell @TheDemocrats @JoeBiden Remember: hold @realDonaldTrump accountable 4 Foreign aid &amp; Tax breaks for wealthy Wealthy Evade $688Bln/y Trump's plan ü™ì$1.6Tln from SS &amp; Medicare The plan ü™ìSS BENEFITS ~25% 4 POORestüë¥, &amp; gives wealthiestüë¥~46% taxü™ì #TaxTheRich to Address Dire üá∫üá∏Needs https://t.co/LNpaByOnmu"""
1867244894101614749,1843928059604299776,2024-12-12T16:27:29.000Z,"""@LeftieStats @FT Usual utter stupidity, by redeploying (retirement) 500 highly overpaid managers same amount of savings could be made. Not to mention 10,000 sacked =10,000 less income taxed plus NI contributions extra 10,000 on universal credits.  FUCKING IMBECILES IN CHARGE. #TaxTheRich"""
1867237744390611226,4527256071,2024-12-12T15:59:04.000Z,"""People on UC have to pay council tax.  People on PIP have to pay council tax. People working 2 jobs just to make ends meet, pay tax on every penny they make.  Literally stfu and pay your tax! You rich privileged little shits! #TaxTheRich"""
1867228502552154437,1244051039122329611,2024-12-12T15:22:21.000Z,"""As a taxpayer I really don‚Äôt want to pay taxes for the Rich.  I insist they pay their own taxes. They can afford it.  American Workers and their Families deserve better.  #TaxTheBillionaires  #TaxTheRich https://t.co/U8yW1KGTw9"""
1867217704790233121,61389468,2024-12-12T14:39:26.000Z,"""#TaxTheRich ALREADY!! https://t.co/AoL9PggfOr"""
1867207283526283509,2813049204,2024-12-12T13:58:02.000Z,"""@BestForBritain @NatalieFleetMP Frost on #PoliticsLive: ""You don't make the poor richer by making the rich poorer. You have an economic policy that lifts everybody.""  Enough of this fucking bullshit, amplified by free-market extremists on @BBCPolitics shows all day every fucking day!  FFS #TaxTheRich https://t.co/QtF99rFcr7"""
1867206990730281212,2813049204,2024-12-12T13:56:52.000Z,"""Frost on #PoliticsLive: ""You don't make the poor richer by making the rich poorer. You have an economic policy that lifts everybody.""  Enough of this fucking bullshit, amplified by free-market extremists on @BBCPolitics shows all day every fucking day!  FFS #TaxTheRich https://t.co/VQN4rdIAro https://t.co/LjYwgA3E7W"""
1867196205224300800,1829257325359566848,2024-12-12T13:14:00.000Z,"""i‚Äôm so done chat, wdym i thought my paycheque was going to be almost 1k and its 680. #fucktaxes #taxtherich #fucktrudeau #screwthegovernment"""
1867185173692846551,3381357863,2024-12-12T12:30:10.000Z,"""@s0upersue @BladeoftheS No VAT. ¬£0 p/a road tax duty. No MOT. Red diesel. Poor hard up farmers. Let's not forget Government subsidies that mean it's more profitable to sew wild seeds than grow vegetables. #TaxTheRich"""
1867176654415540517,968299350,2024-12-12T11:56:19.000Z,"""@mmpadellan Probably better for us than eating the rich:  #TaxTheRich"""
1867176517991563460,140981206,2024-12-12T11:55:47.000Z,"""@griffitha You're just defending rich landowners. If these people were environmentalists using tractors to block roads to defend the planet against the rich, you'd have them jailed. So you can stuff off. #StopFascism #TaxTheRich."""
1867164371417436445,1790096504041943040,2024-12-12T11:07:31.000Z,"""@BasantBaheti3 @nsitharaman @IncomeTaxIndia @PMOIndia @aajtak @ABPNews @ndtvindia @ETNOWlive @ZeeBusiness @FinancialTimes @MLJ_GoI @TheLallantop @PiyushGoyal @sudhirchaudhary  Why there is no tax on Lumpsum one time payment of alimony?  #TaxBillionaires #taxfraud #TaxTheRich #taxation #ITR"""
1867164340966789493,1790096504041943040,2024-12-12T11:07:23.000Z,"""@u_kedia @BSEIndia @SENSEX_BSE @NSE_BSE_News @indianstockm @indianstocktip @Stockstobuysell @EquityIndian @ieg925 @The_Big_Short05 @Irapermatas14 @nsitharaman @IncomeTaxIndia @PMOIndia @aajtak @ABPNews @ndtvindia @ETNOWlive @ZeeBusiness @FinancialTimes @MLJ_GoI @TheLallantop @PiyushGoyal @sudhirchaudhary  Why there is no tax on Lumpsum one time payment of alimony?  #TaxBillionaires #taxfraud #TaxTheRich #taxation #ITR"""
1867164311665180975,1790096504041943040,2024-12-12T11:07:16.000Z,"""@ipanammazhai @nsitharaman @IncomeTaxIndia @PMOIndia @aajtak @ABPNews @ndtvindia @ETNOWlive @ZeeBusiness @FinancialTimes @MLJ_GoI @TheLallantop @PiyushGoyal @sudhirchaudhary  Why there is no tax on Lumpsum one time payment of alimony?  #TaxBillionaires #taxfraud #TaxTheRich #taxation #ITR"""
1867164290060562923,1790096504041943040,2024-12-12T11:07:11.000Z,"""@jitenpalkumar @nsitharaman @IncomeTaxIndia @PMOIndia @aajtak @ABPNews @ndtvindia @ETNOWlive @ZeeBusiness @FinancialTimes @MLJ_GoI @TheLallantop @PiyushGoyal @sudhirchaudhary  Why there is no tax on Lumpsum one time payment of alimony?  #TaxBillionaires #taxfraud #TaxTheRich #taxation #ITR"""
1867164262252118464,1790096504041943040,2024-12-12T11:07:05.000Z,"""@stockswithparth @nsitharaman @IncomeTaxIndia @PMOIndia @aajtak @ABPNews @ndtvindia @ETNOWlive @ZeeBusiness @FinancialTimes @MLJ_GoI @TheLallantop @PiyushGoyal @sudhirchaudhary  Why there is no tax on Lumpsum one time payment of alimony?  #TaxBillionaires #taxfraud #TaxTheRich #taxation #ITR"""
1867164228383314026,1790096504041943040,2024-12-12T11:06:56.000Z,"""@thoughtsprovo @nsitharaman @IncomeTaxIndia @PMOIndia @aajtak @ABPNews @ndtvindia @ETNOWlive @ZeeBusiness @FinancialTimes @MLJ_GoI @TheLallantop @PiyushGoyal @sudhirchaudhary  Why there is no tax on Lumpsum one time payment of alimony?  #TaxBillionaires #taxfraud #TaxTheRich #taxation #ITR"""
1867164191317979481,1790096504041943040,2024-12-12T11:06:48.000Z,"""@nikhil131 @nsitharaman @IncomeTaxIndia @PMOIndia @aajtak @ABPNews @ndtvindia @ETNOWlive @ZeeBusiness @FinancialTimes @MLJ_GoI @TheLallantop @PiyushGoyal @sudhirchaudhary  Why there is no tax on Lumpsum one time payment of alimony?  #TaxBillionaires #taxfraud #TaxTheRich #taxation #ITR"""
1867164133776314661,1790096504041943040,2024-12-12T11:06:34.000Z,"""@jitenpalkumar @nsitharaman @IncomeTaxIndia @PMOIndia @aajtak @ABPNews @ndtvindia @ETNOWlive @ZeeBusiness @FinancialTimes @MLJ_GoI @TheLallantop @PiyushGoyal @sudhirchaudhary  Why there is no tax on Lumpsum one time payment of alimony?  #TaxBillionaires #taxfraud #TaxTheRich #taxation #ITR"""
1867164091397406958,1790096504041943040,2024-12-12T11:06:24.000Z,"""@WWthalla8599 @nsitharaman @IncomeTaxIndia @PMOIndia @aajtak @ABPNews @ndtvindia @ETNOWlive @ZeeBusiness @FinancialTimes @MLJ_GoI @TheLallantop @PiyushGoyal @sudhirchaudhary  Why there is no tax on Lumpsum one time payment of alimony?  #TaxBillionaires #taxfraud #TaxTheRich #taxation #ITR"""
1867164050221932893,1790096504041943040,2024-12-12T11:06:14.000Z,"""@ipanammazhai @nsitharaman @IncomeTaxIndia @PMOIndia @aajtak @ABPNews @ndtvindia @ETNOWlive @ZeeBusiness @FinancialTimes @MLJ_GoI @TheLallantop @PiyushGoyal @sudhirchaudhary  Why there is no tax on Lumpsum one time payment of alimony?  #TaxBillionaires #taxfraud #TaxTheRich #taxation #ITR"""
1867164024124969363,1790096504041943040,2024-12-12T11:06:08.000Z,"""@TheEquityTrader @nsitharaman @IncomeTaxIndia @PMOIndia @aajtak @ABPNews @ndtvindia @ETNOWlive @ZeeBusiness @FinancialTimes @MLJ_GoI @TheLallantop @PiyushGoyal @sudhirchaudhary  Why there is no tax on Lumpsum one time payment of alimony?  #TaxBillionaires #taxfraud #TaxTheRich #taxation #ITR"""
1867163994567426355,1790096504041943040,2024-12-12T11:06:01.000Z,"""@hiddengem_NS @nsitharaman @IncomeTaxIndia @PMOIndia @aajtak @ABPNews @ndtvindia @ETNOWlive @ZeeBusiness @FinancialTimes @MLJ_GoI @TheLallantop @PiyushGoyal @sudhirchaudhary  Why there is no tax on Lumpsum one time payment of alimony?  #TaxBillionaires #taxfraud #TaxTheRich #taxation #ITR"""
1867163961113670063,1790096504041943040,2024-12-12T11:05:53.000Z,"""@ShankyG61602294 @nsitharaman @IncomeTaxIndia @PMOIndia @aajtak @ABPNews @ndtvindia @ETNOWlive @ZeeBusiness @FinancialTimes @MLJ_GoI @TheLallantop @PiyushGoyal @sudhirchaudhary  Why there is no tax on Lumpsum one time payment of alimony?  #TaxBillionaires #taxfraud #TaxTheRich #taxation #ITR"""
1867163930738512329,1790096504041943040,2024-12-12T11:05:45.000Z,"""@WWthalla8599 @nsitharaman @IncomeTaxIndia @PMOIndia @aajtak @ABPNews @ndtvindia @ETNOWlive @ZeeBusiness @FinancialTimes @MLJ_GoI @TheLallantop @PiyushGoyal @sudhirchaudhary  Why there is no tax on Lumpsum one time payment of alimony?  #TaxBillionaires #taxfraud #TaxTheRich #taxation #ITR"""
1867163902850847224,1790096504041943040,2024-12-12T11:05:39.000Z,"""@Rajkulheri @nsitharaman @IncomeTaxIndia @PMOIndia @aajtak @ABPNews @ndtvindia @ETNOWlive @ZeeBusiness @FinancialTimes @MLJ_GoI @TheLallantop @PiyushGoyal @sudhirchaudhary  Why there is no tax on Lumpsum one time payment of alimony?  #TaxBillionaires #taxfraud #TaxTheRich #taxation #ITR"""
1867163548477976727,1790096504041943040,2024-12-12T11:04:14.000Z,"""@bole_bharat @nsitharaman @IncomeTaxIndia @PMOIndia @aajtak @ABPNews @ndtvindia @ETNOWlive @ZeeBusiness @FinancialTimes @MLJ_GoI @TheLallantop @PiyushGoyal @sudhirchaudhary  Why there is no tax on Lumpsum one time payment of alimony?  #TaxBillionaires #taxfraud #TaxTheRich #taxation #ITR"""
1867163397261000816,1790096504041943040,2024-12-12T11:03:38.000Z,"""@DeepAggarwalinc @AnumaVidisha @SujataIndia1st @Yogeshkherli @hg7634 @Adil_INC_ @ShadowSakshi @tanmoyofc @common000786Om @rajuparulekar @RahulSeeker @nsitharaman @IncomeTaxIndia @PMOIndia @aajtak @ABPNews @ndtvindia @ETNOWlive @ZeeBusiness @FinancialTimes @MLJ_GoI @TheLallantop @PiyushGoyal @sudhirchaudhary  Why there is no tax on Lumpsum one time payment of alimony?  #TaxBillionaires #taxfraud #TaxTheRich #taxation #ITR"""
1867163186773770481,1790096504041943040,2024-12-12T11:02:48.000Z,"""@humhaitoki63091 @nsitharaman @IncomeTaxIndia @PMOIndia @aajtak @ABPNews @ndtvindia @ETNOWlive @ZeeBusiness @FinancialTimes @MLJ_GoI @TheLallantop @PiyushGoyal @sudhirchaudhary  Why there is no tax on Lumpsum one time payment of alimony?  #TaxBillionaires #taxfraud #TaxTheRich #taxation #ITR"""
1867163162086174809,1790096504041943040,2024-12-12T11:02:42.000Z,"""@DevaBlt28836 @nsitharaman @IncomeTaxIndia @PMOIndia @aajtak @ABPNews @ndtvindia @ETNOWlive @ZeeBusiness @FinancialTimes @MLJ_GoI @TheLallantop @PiyushGoyal @sudhirchaudhary  Why there is no tax on Lumpsum one time payment of alimony?  #TaxBillionaires #taxfraud #TaxTheRich #taxation #ITR"""
1867163136941257065,1790096504041943040,2024-12-12T11:02:36.000Z,"""@ArmedForces_IND @nsitharaman @IncomeTaxIndia @PMOIndia @aajtak @ABPNews @ndtvindia @ETNOWlive @ZeeBusiness @FinancialTimes @MLJ_GoI @TheLallantop @PiyushGoyal @sudhirchaudhary  Why there is no tax on Lumpsum one time payment of alimony?  #TaxBillionaires #taxfraud #TaxTheRich #taxation #ITR"""
1867163101801680941,1790096504041943040,2024-12-12T11:02:28.000Z,"""@rashmi_sri0505 @Dumbled0rk_ @PMOIndia @nsitharaman @IncomeTaxIndia @PMOIndia @aajtak @ABPNews @ndtvindia @ETNOWlive @ZeeBusiness @FinancialTimes @MLJ_GoI @TheLallantop @PiyushGoyal @sudhirchaudhary  Why there is no tax on Lumpsum one time payment of alimony?  #TaxBillionaires #taxfraud #TaxTheRich #taxation #ITR"""
1867163077705376088,1790096504041943040,2024-12-12T11:02:22.000Z,"""@Priyainfinity1 @nsitharaman @IncomeTaxIndia @PMOIndia @aajtak @ABPNews @ndtvindia @ETNOWlive @ZeeBusiness @FinancialTimes @MLJ_GoI @TheLallantop @PiyushGoyal @sudhirchaudhary  Why there is no tax on Lumpsum one time payment of alimony?  #TaxBillionaires #taxfraud #TaxTheRich #taxation #ITR"""
1867163053537542438,1790096504041943040,2024-12-12T11:02:16.000Z,"""@M89Rakesh @narendramodi @PMOIndia @HMOIndia @BJP4India @Shree21111 @SoumyaRao52 @nsitharaman @IncomeTaxIndia @PMOIndia @aajtak @ABPNews @ndtvindia @ETNOWlive @ZeeBusiness @FinancialTimes @MLJ_GoI @TheLallantop @PiyushGoyal @sudhirchaudhary  Why there is no tax on Lumpsum one time payment of alimony?  #TaxBillionaires #taxfraud #TaxTheRich #taxation #ITR"""
1867163030733079021,1790096504041943040,2024-12-12T11:02:11.000Z,"""@rashmi_sri0505 @MrSinha_ @nsitharaman @IncomeTaxIndia @PMOIndia @aajtak @ABPNews @ndtvindia @ETNOWlive @ZeeBusiness @FinancialTimes @MLJ_GoI @TheLallantop @PiyushGoyal @sudhirchaudhary  Why there is no tax on Lumpsum one time payment of alimony?  #TaxBillionaires #taxfraud #TaxTheRich #taxation #ITR"""
1867163006695882826,1790096504041943040,2024-12-12T11:02:05.000Z,"""@rdtapsv @nsitharaman @IncomeTaxIndia @PMOIndia @aajtak @ABPNews @ndtvindia @ETNOWlive @ZeeBusiness @FinancialTimes @MLJ_GoI @TheLallantop @PiyushGoyal @sudhirchaudhary  Why there is no tax on Lumpsum one time payment of alimony?  #TaxBillionaires #taxfraud #TaxTheRich #taxation #ITR"""
1867162981542633830,1790096504041943040,2024-12-12T11:01:59.000Z,"""@Gehlotb07 @nsitharaman @IncomeTaxIndia @PMOIndia @aajtak @ABPNews @ndtvindia @ETNOWlive @ZeeBusiness @FinancialTimes @MLJ_GoI @TheLallantop @PiyushGoyal @sudhirchaudhary  Why there is no tax on Lumpsum one time payment of alimony?  #TaxBillionaires #taxfraud #TaxTheRich #taxation #ITR"""
1867162959614452051,1790096504041943040,2024-12-12T11:01:54.000Z,"""@MeenaDasNarayan @nsitharaman @IncomeTaxIndia @PMOIndia @aajtak @ABPNews @ndtvindia @ETNOWlive @ZeeBusiness @FinancialTimes @MLJ_GoI @TheLallantop @PiyushGoyal @sudhirchaudhary  Why there is no tax on Lumpsum one time payment of alimony?  #TaxBillionaires #taxfraud #TaxTheRich #taxation #ITR"""
1867162921035235603,1790096504041943040,2024-12-12T11:01:45.000Z,"""@akratisurya @narendramodi @nsitharaman @IncomeTaxIndia @PMOIndia @aajtak @ABPNews @ndtvindia @ETNOWlive @ZeeBusiness @FinancialTimes @MLJ_GoI @TheLallantop @PiyushGoyal @sudhirchaudhary  Why there is no tax on Lumpsum one time payment of alimony?  #TaxBillionaires #taxfraud #TaxTheRich #taxation #ITR"""
1867162896121434299,1790096504041943040,2024-12-12T11:01:39.000Z,"""@itsGS4SSR @SoumyaRao52 @narendramodi @BJP4India @nsitharaman @IncomeTaxIndia @PMOIndia @aajtak @ABPNews @ndtvindia @ETNOWlive @ZeeBusiness @FinancialTimes @MLJ_GoI @TheLallantop @PiyushGoyal @sudhirchaudhary  Why there is no tax on Lumpsum one time payment of alimony?  #TaxBillionaires #taxfraud #TaxTheRich #taxation #ITR"""
1867162872532398127,1790096504041943040,2024-12-12T11:01:33.000Z,"""@NMaurya51669 @nsitharaman @IncomeTaxIndia @PMOIndia @aajtak @ABPNews @ndtvindia @ETNOWlive @ZeeBusiness @FinancialTimes @MLJ_GoI @TheLallantop @PiyushGoyal @sudhirchaudhary  Why there is no tax on Lumpsum one time payment of alimony?  #TaxBillionaires #taxfraud #TaxTheRich #taxation #ITR"""
1867162848872513858,1790096504041943040,2024-12-12T11:01:28.000Z,"""@rashmi_sri0505 @SoumyaRao52 @PMOIndia @mygovindia @nsitharaman @IncomeTaxIndia @PMOIndia @aajtak @ABPNews @ndtvindia @ETNOWlive @ZeeBusiness @FinancialTimes @MLJ_GoI @TheLallantop @PiyushGoyal @sudhirchaudhary  Why there is no tax on Lumpsum one time payment of alimony?  #TaxBillionaires #taxfraud #TaxTheRich #taxation #ITR"""
1867162825614827689,1790096504041943040,2024-12-12T11:01:22.000Z,"""@Yasmin2186 @narendramodi @nsitharaman @IncomeTaxIndia @PMOIndia @aajtak @ABPNews @ndtvindia @ETNOWlive @ZeeBusiness @FinancialTimes @MLJ_GoI @TheLallantop @PiyushGoyal @sudhirchaudhary  Why there is no tax on Lumpsum one time payment of alimony?  #TaxBillionaires #taxfraud #TaxTheRich #taxation #ITR"""
1867162799593627657,1790096504041943040,2024-12-12T11:01:16.000Z,"""@abatiyaashi @nsitharaman @IncomeTaxIndia @PMOIndia @aajtak @ABPNews @ndtvindia @ETNOWlive @ZeeBusiness @FinancialTimes @MLJ_GoI @TheLallantop @PiyushGoyal @sudhirchaudhary  Why there is no tax on Lumpsum one time payment of alimony?  #TaxBillionaires #taxfraud #TaxTheRich #taxation #ITR"""
1867162748230275332,1790096504041943040,2024-12-12T11:01:04.000Z,"""@Adititweets_ @tanmoyofc @dhruvratheearm @RavinderKapur2 @Kap57608111 @taj_india007 @Adil_INC_ @ZafarSobhan @nsitharaman @IncomeTaxIndia @PMOIndia @aajtak @ABPNews @ndtvindia @ETNOWlive @ZeeBusiness @FinancialTimes @MLJ_GoI @TheLallantop @PiyushGoyal @sudhirchaudhary  Why there is no tax on Lumpsum one time payment of alimony?  #TaxBillionaires #taxfraud #TaxTheRich #taxation #ITR"""
1867162720904290701,1790096504041943040,2024-12-12T11:00:57.000Z,"""@INCJP35691 @nsitharaman @IncomeTaxIndia @PMOIndia @aajtak @ABPNews @ndtvindia @ETNOWlive @ZeeBusiness @FinancialTimes @MLJ_GoI @TheLallantop @PiyushGoyal @sudhirchaudhary  Why there is no tax on Lumpsum one time payment of alimony?  #TaxBillionaires #taxfraud #TaxTheRich #taxation #ITR"""
1867162697105657889,1790096504041943040,2024-12-12T11:00:51.000Z,"""@MeenaDasNarayan @nsitharaman @IncomeTaxIndia @PMOIndia @aajtak @ABPNews @ndtvindia @ETNOWlive @ZeeBusiness @FinancialTimes @MLJ_GoI @TheLallantop @PiyushGoyal @sudhirchaudhary  Why there is no tax on Lumpsum one time payment of alimony?  #TaxBillionaires #taxfraud #TaxTheRich #taxation #ITR"""
1867162671113703793,1790096504041943040,2024-12-12T11:00:45.000Z,"""@kn_new_le @nsitharaman @IncomeTaxIndia @PMOIndia @aajtak @ABPNews @ndtvindia @ETNOWlive @ZeeBusiness @FinancialTimes @MLJ_GoI @TheLallantop @PiyushGoyal @sudhirchaudhary  Why there is no tax on Lumpsum one time payment of alimony?  #TaxBillionaires #taxfraud #TaxTheRich #taxation #ITR"""
1867162641682370924,1790096504041943040,2024-12-12T11:00:38.000Z,"""@publicka_voice @nsitharaman @IncomeTaxIndia @PMOIndia @aajtak @ABPNews @ndtvindia @ETNOWlive @ZeeBusiness @FinancialTimes @MLJ_GoI @TheLallantop @PiyushGoyal @sudhirchaudhary  Why there is no tax on Lumpsum one time payment of alimony?  #TaxBillionaires #taxfraud #TaxTheRich #taxation #ITR"""
1867162618105905209,1790096504041943040,2024-12-12T11:00:33.000Z,"""@thenewsbrk @nsitharaman @IncomeTaxIndia @PMOIndia @aajtak @ABPNews @ndtvindia @ETNOWlive @ZeeBusiness @FinancialTimes @MLJ_GoI @TheLallantop @PiyushGoyal @sudhirchaudhary  Why there is no tax on Lumpsum one time payment of alimony?  #TaxBillionaires #taxfraud #TaxTheRich #taxation #ITR"""
1867162587256803462,1790096504041943040,2024-12-12T11:00:25.000Z,"""@playlikebatman @nsitharaman @IncomeTaxIndia @PMOIndia @aajtak @ABPNews @ndtvindia @ETNOWlive @ZeeBusiness @FinancialTimes @MLJ_GoI @TheLallantop @PiyushGoyal @sudhirchaudhary  Why there is no tax on Lumpsum one time payment of alimony?  #TaxBillionaires #taxfraud #TaxTheRich #taxation #ITR"""
1867162540947468543,1790096504041943040,2024-12-12T11:00:14.000Z,"""@patriotatwork99 @nsitharaman @IncomeTaxIndia @PMOIndia @aajtak @ABPNews @ndtvindia @ETNOWlive @ZeeBusiness @FinancialTimes @MLJ_GoI @TheLallantop @PiyushGoyal @sudhirchaudhary  Why there is no tax on Lumpsum one time payment of alimony?  #TaxBillionaires #taxfraud #TaxTheRich #taxation #ITR"""
1867162505250058438,1790096504041943040,2024-12-12T11:00:06.000Z,"""@IAmApa07 @pradip103 @narendramodi @nsitharaman @IncomeTaxIndia @PMOIndia @aajtak @ABPNews @ndtvindia @ETNOWlive @ZeeBusiness @FinancialTimes @MLJ_GoI @TheLallantop @PiyushGoyal @sudhirchaudhary  Why there is no tax on Lumpsum one time payment of alimony?  #TaxBillionaires #taxfraud #TaxTheRich #taxation #ITR"""
1867162480302289155,1790096504041943040,2024-12-12T11:00:00.000Z,"""@rajesh_mauryaup @nsitharaman @IncomeTaxIndia @PMOIndia @aajtak @ABPNews @ndtvindia @ETNOWlive @ZeeBusiness @FinancialTimes @MLJ_GoI @TheLallantop @PiyushGoyal @sudhirchaudhary  Why there is no tax on Lumpsum one time payment of alimony?  #TaxBillionaires #taxfraud #TaxTheRich #taxation #ITR"""
1867162414023651446,1790096504041943040,2024-12-12T10:59:44.000Z,"""@SoumyaRao52 @narendramodi @BJP4India @nsitharaman @IncomeTaxIndia @PMOIndia @aajtak @ABPNews @ndtvindia @ETNOWlive @ZeeBusiness @FinancialTimes @MLJ_GoI @TheLallantop @PiyushGoyal @sudhirchaudhary  Why there is no tax on Lumpsum one time payment of alimony?  #TaxBillionaires #taxfraud #TaxTheRich #taxation #ITR"""
1867162390124752935,1790096504041943040,2024-12-12T10:59:38.000Z,"""@akratisurya @narendramodi @nsitharaman @IncomeTaxIndia @PMOIndia @aajtak @ABPNews @ndtvindia @ETNOWlive @ZeeBusiness @FinancialTimes @MLJ_GoI @TheLallantop @PiyushGoyal @sudhirchaudhary  Why there is no tax on Lumpsum one time payment of alimony?  #TaxBillionaires #taxfraud #TaxTheRich #taxation #ITR"""
1867162366347301113,1790096504041943040,2024-12-12T10:59:32.000Z,"""@Iam_Rameshh_ @nsitharaman @IncomeTaxIndia @PMOIndia @aajtak @ABPNews @ndtvindia @ETNOWlive @ZeeBusiness @FinancialTimes @MLJ_GoI @TheLallantop @PiyushGoyal @sudhirchaudhary  Why there is no tax on Lumpsum one time payment of alimony?  #TaxBillionaires #taxfraud #TaxTheRich #taxation #ITR"""
1867162341642735676,1790096504041943040,2024-12-12T10:59:27.000Z,"""@mass_dad @nsitharaman @IncomeTaxIndia @PMOIndia @aajtak @ABPNews @ndtvindia @ETNOWlive @ZeeBusiness @FinancialTimes @MLJ_GoI @TheLallantop @PiyushGoyal @sudhirchaudhary  Why there is no tax on Lumpsum one time payment of alimony?  #TaxBillionaires #taxfraud #TaxTheRich #taxation #ITR"""
1867162317797892191,1790096504041943040,2024-12-12T10:59:21.000Z,"""@ssaratht @fptarun @nsitharaman @IncomeTaxIndia @PMOIndia @aajtak @ABPNews @ndtvindia @ETNOWlive @ZeeBusiness @FinancialTimes @MLJ_GoI @TheLallantop @PiyushGoyal @sudhirchaudhary  Why there is no tax on Lumpsum one time payment of alimony?  #TaxBillionaires #taxfraud #TaxTheRich #taxation #ITR"""
1867162288647479330,1790096504041943040,2024-12-12T10:59:14.000Z,"""@itsPPP4747 @nsitharaman @IncomeTaxIndia @PMOIndia @aajtak @ABPNews @ndtvindia @ETNOWlive @ZeeBusiness @FinancialTimes @MLJ_GoI @TheLallantop @PiyushGoyal @sudhirchaudhary  Why there is no tax on Lumpsum one time payment of alimony?  #TaxBillionaires #taxfraud #TaxTheRich #taxation #ITR"""
1867162258171887628,1790096504041943040,2024-12-12T10:59:07.000Z,"""@Ravi3pathi @nsitharaman @IncomeTaxIndia @PMOIndia @aajtak @ABPNews @ndtvindia @ETNOWlive @ZeeBusiness @FinancialTimes @MLJ_GoI @TheLallantop @PiyushGoyal @sudhirchaudhary  Why there is no tax on Lumpsum one time payment of alimony?  #TaxBillionaires #taxfraud #TaxTheRich #taxation #ITR"""
1867162195483820508,1790096504041943040,2024-12-12T10:58:52.000Z,"""@jackkate4ever @PMOIndia @HMOIndia @AmitShah @CBIHeadquarters @nsitharaman @IncomeTaxIndia @PMOIndia @aajtak @ABPNews @ndtvindia @ETNOWlive @ZeeBusiness @FinancialTimes @MLJ_GoI @TheLallantop @PiyushGoyal @sudhirchaudhary  Why there is no tax on Lumpsum one time payment of alimony?  #TaxBillionaires #taxfraud #TaxTheRich #taxation #ITR"""
1867162110909972924,1790096504041943040,2024-12-12T10:58:32.000Z,"""@RajnishTri001 @narendramodi @nsitharaman @IncomeTaxIndia @PMOIndia @aajtak @ABPNews @ndtvindia @ETNOWlive @ZeeBusiness @FinancialTimes @MLJ_GoI @TheLallantop @PiyushGoyal @sudhirchaudhary  Why there is no tax on Lumpsum one time payment of alimony?  #TaxBillionaires #taxfraud #TaxTheRich #taxation #ITR"""
1867161915602153978,1790096504041943040,2024-12-12T10:57:45.000Z,"""@nsitharaman @nsitharaman @IncomeTaxIndia @PMOIndia @aajtak @ABPNews @ndtvindia @ETNOWlive @ZeeBusiness @FinancialTimes @MLJ_GoI @TheLallantop @PiyushGoyal @sudhirchaudhary  Why there is no tax on Lumpsum one time payment of alimony?  #TaxBillionaires #taxfraud #TaxTheRich #taxation #ITR"""
1867161719782433089,1790096504041943040,2024-12-12T10:56:58.000Z,"""@harsh03443 @nsitharaman @IncomeTaxIndia @PMOIndia @aajtak @ABPNews @ndtvindia @ETNOWlive @ZeeBusiness @FinancialTimes @MLJ_GoI @TheLallantop @PiyushGoyal @sudhirchaudhary  Why there is no tax on Lumpsum one time payment of alimony?  #TaxBillionaires #taxfraud #TaxTheRich #taxation #ITR"""
1867161624139767951,1790096504041943040,2024-12-12T10:56:36.000Z,"""@AlphaVictorVA @nsitharaman @IncomeTaxIndia @PMOIndia @aajtak @ABPNews @ndtvindia @ETNOWlive @ZeeBusiness @FinancialTimes @MLJ_GoI @TheLallantop @PiyushGoyal @sudhirchaudhary  Why there is no tax on Lumpsum one time payment of alimony?  #TaxBillionaires #taxfraud #TaxTheRich #taxation #ITR"""
1867161599095505374,1790096504041943040,2024-12-12T10:56:30.000Z,"""@devashishdash @nsitharaman @IncomeTaxIndia @PMOIndia @aajtak @ABPNews @ndtvindia @ETNOWlive @ZeeBusiness @FinancialTimes @MLJ_GoI @TheLallantop @PiyushGoyal @sudhirchaudhary  Why there is no tax on Lumpsum one time payment of alimony?  #TaxBillionaires #taxfraud #TaxTheRich #taxation #ITR"""
1867161550957527448,1790096504041943040,2024-12-12T10:56:18.000Z,"""@Golgappa_09 @nsitharaman @IncomeTaxIndia @PMOIndia @aajtak @ABPNews @ndtvindia @ETNOWlive @ZeeBusiness @FinancialTimes @MLJ_GoI @TheLallantop @PiyushGoyal @sudhirchaudhary  Why there is no tax on Lumpsum one time payment of alimony?  #TaxBillionaires #taxfraud #TaxTheRich #taxation #ITR"""
1867161496997736950,1790096504041943040,2024-12-12T10:56:05.000Z,"""@AmishAggarwala @nsitharaman @IncomeTaxIndia @PMOIndia @aajtak @ABPNews @ndtvindia @ETNOWlive @ZeeBusiness @FinancialTimes @MLJ_GoI @TheLallantop @PiyushGoyal @sudhirchaudhary  Why there is no tax on Lumpsum one time payment of alimony?  #TaxBillionaires #taxfraud #TaxTheRich #taxation #ITR"""
1867161453897371861,1790096504041943040,2024-12-12T10:55:55.000Z,"""@iamraj_offical @nsitharaman @IncomeTaxIndia @PMOIndia @aajtak @ABPNews @ndtvindia @ETNOWlive @ZeeBusiness @FinancialTimes @MLJ_GoI @TheLallantop @PiyushGoyal @sudhirchaudhary  Why there is no tax on Lumpsum one time payment of alimony?  #TaxBillionaires #taxfraud #TaxTheRich #taxation #ITR"""
1867161356366921927,1790096504041943040,2024-12-12T10:55:32.000Z,"""@sumityou40 @nsitharaman @IncomeTaxIndia @PMOIndia @aajtak @ABPNews @ndtvindia @ETNOWlive @ZeeBusiness @FinancialTimes @MLJ_GoI @TheLallantop @PiyushGoyal @sudhirchaudhary  Why there is no tax on Lumpsum one time payment of alimony?  #TaxBillionaires #taxfraud #TaxTheRich #taxation #ITR"""
1867161324968697980,1790096504041943040,2024-12-12T10:55:24.000Z,"""@ShoneeKapoor @nsitharaman @IncomeTaxIndia @PMOIndia @aajtak @ABPNews @ndtvindia @ETNOWlive @ZeeBusiness @FinancialTimes @MLJ_GoI @TheLallantop @PiyushGoyal @sudhirchaudhary  Why there is no tax on Lumpsum one time payment of alimony?  #TaxBillionaires #taxfraud #TaxTheRich #taxation #ITR"""
1867161258543436036,1790096504041943040,2024-12-12T10:55:08.000Z,"""@pranavmahajan @voiceformenind @barkhatrehan16 @vaastavngo @SFFNGO @TheAmitLakhani @ShoneeKapoor @amitdeshmra @wisehussein @nsitharaman @IncomeTaxIndia @PMOIndia @aajtak @ABPNews @ndtvindia @ETNOWlive @ZeeBusiness @FinancialTimes @MLJ_GoI @TheLallantop @PiyushGoyal @sudhirchaudhary  Why there is no tax on Lumpsum one time payment of alimony?  #TaxBillionaires #taxfraud #TaxTheRich #taxation #ITR"""
1867161227190792491,1790096504041943040,2024-12-12T10:55:01.000Z,"""@ShoneeKapoor @nsitharaman @IncomeTaxIndia @PMOIndia @aajtak @ABPNews @ndtvindia @ETNOWlive @ZeeBusiness @FinancialTimes @MLJ_GoI @TheLallantop @PiyushGoyal @sudhirchaudhary  Why there is no tax on Lumpsum one time payment of alimony?  #TaxBillionaires #taxfraud #TaxTheRich #taxation #ITR"""
1867161196874408161,1790096504041943040,2024-12-12T10:54:54.000Z,"""@arun_matolia @nsitharaman @IncomeTaxIndia @PMOIndia @aajtak @ABPNews @ndtvindia @ETNOWlive @ZeeBusiness @FinancialTimes @MLJ_GoI @TheLallantop @PiyushGoyal @sudhirchaudhary  Why there is no tax on Lumpsum one time payment of alimony?  #TaxBillionaires #taxfraud #TaxTheRich #taxation #ITR"""
1867161163340931083,1790096504041943040,2024-12-12T10:54:46.000Z,"""@HerrHankyPanky @narendramodi @nsitharaman @IncomeTaxIndia @PMOIndia @aajtak @ABPNews @ndtvindia @ETNOWlive @ZeeBusiness @FinancialTimes @MLJ_GoI @TheLallantop @PiyushGoyal @sudhirchaudhary  Why there is no tax on Lumpsum one time payment of alimony?  #TaxBillionaires #taxfraud #TaxTheRich #taxation #ITR"""
1867161133309895036,1790096504041943040,2024-12-12T10:54:39.000Z,"""@DeepikaBhardwaj @nsitharaman @IncomeTaxIndia @PMOIndia @aajtak @ABPNews @ndtvindia @ETNOWlive @ZeeBusiness @FinancialTimes @MLJ_GoI @TheLallantop @PiyushGoyal @sudhirchaudhary  Why there is no tax on Lumpsum one time payment of alimony?  #TaxBillionaires #taxfraud #TaxTheRich #taxation #ITR"""
1867161097574207529,1790096504041943040,2024-12-12T10:54:30.000Z,"""@voiceformenind @iHrithik @nsitharaman @IncomeTaxIndia @PMOIndia @aajtak @ABPNews @ndtvindia @ETNOWlive @ZeeBusiness @FinancialTimes @MLJ_GoI @TheLallantop @PiyushGoyal @sudhirchaudhary  Why there is no tax on Lumpsum one time payment of alimony?  #TaxBillionaires #taxfraud #TaxTheRich #taxation #ITR"""
1867161062425911624,1790096504041943040,2024-12-12T10:54:22.000Z,"""@NishthurStree @nsitharaman @IncomeTaxIndia @PMOIndia @aajtak @ABPNews @ndtvindia @ETNOWlive @ZeeBusiness @FinancialTimes @MLJ_GoI @TheLallantop @PiyushGoyal @sudhirchaudhary  Why there is no tax on Lumpsum one time payment of alimony?  #TaxBillionaires #taxfraud #TaxTheRich #taxation #ITR"""
1867161011280609657,1790096504041943040,2024-12-12T10:54:09.000Z,"""@iShashiShekhar @nsitharaman @IncomeTaxIndia @PMOIndia @aajtak @ABPNews @ndtvindia @ETNOWlive @ZeeBusiness @FinancialTimes @MLJ_GoI @TheLallantop @PiyushGoyal @sudhirchaudhary  Why there is no tax on Lumpsum one time payment of alimony?  #TaxBillionaires #taxfraud #TaxTheRich #taxation #ITR"""
1867160988812018055,1790096504041943040,2024-12-12T10:54:04.000Z,"""@naveen___indian @nsitharaman @IncomeTaxIndia @PMOIndia @aajtak @ABPNews @ndtvindia @ETNOWlive @ZeeBusiness @FinancialTimes @MLJ_GoI @TheLallantop @PiyushGoyal @sudhirchaudhary  Why there is no tax on Lumpsum one time payment of alimony?  #TaxBillionaires #taxfraud #TaxTheRich #taxation #ITR"""
1867160967001309568,1790096504041943040,2024-12-12T10:53:59.000Z,"""@BeingSumit007 @nsitharaman @IncomeTaxIndia @PMOIndia @aajtak @ABPNews @ndtvindia @ETNOWlive @ZeeBusiness @FinancialTimes @MLJ_GoI @TheLallantop @PiyushGoyal @sudhirchaudhary  Why there is no tax on Lumpsum one time payment of alimony?  #TaxBillionaires #taxfraud #TaxTheRich #taxation #ITR"""
1867160945010827416,1790096504041943040,2024-12-12T10:53:54.000Z,"""@shubhankrmishra @nsitharaman @IncomeTaxIndia @PMOIndia @aajtak @ABPNews @ndtvindia @ETNOWlive @ZeeBusiness @FinancialTimes @MLJ_GoI @TheLallantop @PiyushGoyal @sudhirchaudhary  Why there is no tax on Lumpsum one time payment of alimony?  #TaxBillionaires #taxfraud #TaxTheRich #taxation #ITR"""
1867160923213078866,1790096504041943040,2024-12-12T10:53:48.000Z,"""@sunaina_bhola @nsitharaman @IncomeTaxIndia @PMOIndia @aajtak @ABPNews @ndtvindia @ETNOWlive @ZeeBusiness @FinancialTimes @MLJ_GoI @TheLallantop @PiyushGoyal @sudhirchaudhary  Why there is no tax on Lumpsum one time payment of alimony?  #TaxBillionaires #taxfraud #TaxTheRich #taxation #ITR"""
1867160900211216420,1790096504041943040,2024-12-12T10:53:43.000Z,"""@_chandanmishra_ @nsitharaman @IncomeTaxIndia @PMOIndia @aajtak @ABPNews @ndtvindia @ETNOWlive @ZeeBusiness @FinancialTimes @MLJ_GoI @TheLallantop @PiyushGoyal @sudhirchaudhary  Why there is no tax on Lumpsum one time payment of alimony?  #TaxBillionaires #taxfraud #TaxTheRich #taxation #ITR"""
1867160872361091300,1790096504041943040,2024-12-12T10:53:36.000Z,"""@BerlinFamilyman @nsitharaman @IncomeTaxIndia @PMOIndia @aajtak @ABPNews @ndtvindia @ETNOWlive @ZeeBusiness @FinancialTimes @MLJ_GoI @TheLallantop @PiyushGoyal @sudhirchaudhary  Why there is no tax on Lumpsum one time payment of alimony?  #TaxBillionaires #taxfraud #TaxTheRich #taxation #ITR"""
1867160848336408828,1790096504041943040,2024-12-12T10:53:31.000Z,"""@GaurangBhardwa1 @nsitharaman @IncomeTaxIndia @PMOIndia @aajtak @ABPNews @ndtvindia @ETNOWlive @ZeeBusiness @FinancialTimes @MLJ_GoI @TheLallantop @PiyushGoyal @sudhirchaudhary  Why there is no tax on Lumpsum one time payment of alimony?  #TaxBillionaires #taxfraud #TaxTheRich #taxation #ITR"""
1867160800571318586,1790096504041943040,2024-12-12T10:53:19.000Z,"""@RohitInExile @nsitharaman @IncomeTaxIndia @PMOIndia @aajtak @ABPNews @ndtvindia @ETNOWlive @ZeeBusiness @FinancialTimes @MLJ_GoI @TheLallantop @PiyushGoyal @sudhirchaudhary  Why there is no tax on Lumpsum one time payment of alimony?  #TaxBillionaires #taxfraud #TaxTheRich #taxation #ITR"""
1867160761031938552,1790096504041943040,2024-12-12T10:53:10.000Z,"""@anandsrivns @AmitShah @AmitShahOffice @narendramodi @PMOIndia @nsitharaman @IncomeTaxIndia @PMOIndia @aajtak @ABPNews @ndtvindia @ETNOWlive @ZeeBusiness @FinancialTimes @MLJ_GoI @TheLallantop @PiyushGoyal @sudhirchaudhary  Why there is no tax on Lumpsum one time payment of alimony?  #TaxBillionaires #taxfraud #TaxTheRich #taxation #ITR"""
1867160691720806756,1790096504041943040,2024-12-12T10:52:53.000Z,"""@wokechapter @nsitharaman @IncomeTaxIndia @PMOIndia @aajtak @ABPNews @ndtvindia @ETNOWlive @ZeeBusiness @FinancialTimes @MLJ_GoI @TheLallantop @PiyushGoyal @sudhirchaudhary  Why there is no tax on Lumpsum one time payment of alimony?  #TaxBillionaires #taxfraud #TaxTheRich #taxation #ITR"""
1867160662993993961,1790096504041943040,2024-12-12T10:52:46.000Z,"""@Jenni15011 @nsitharaman @IncomeTaxIndia @PMOIndia @aajtak @ABPNews @ndtvindia @ETNOWlive @ZeeBusiness @FinancialTimes @MLJ_GoI @TheLallantop @PiyushGoyal @sudhirchaudhary  Why there is no tax on Lumpsum one time payment of alimony?  #TaxBillionaires #taxfraud #TaxTheRich #taxation #ITR"""
1867160634582077730,1790096504041943040,2024-12-12T10:52:40.000Z,"""@neetika_1 @nsitharaman @IncomeTaxIndia @PMOIndia @aajtak @ABPNews @ndtvindia @ETNOWlive @ZeeBusiness @FinancialTimes @MLJ_GoI @TheLallantop @PiyushGoyal @sudhirchaudhary  Why there is no tax on Lumpsum one time payment of alimony?  #TaxBillionaires #taxfraud #TaxTheRich #taxation #ITR"""
1867160592433430888,1790096504041943040,2024-12-12T10:52:30.000Z,"""@rohanpandya @nsitharaman @IncomeTaxIndia @PMOIndia @aajtak @ABPNews @ndtvindia @ETNOWlive @ZeeBusiness @FinancialTimes @MLJ_GoI @TheLallantop @PiyushGoyal @sudhirchaudhary  Why there is no tax on Lumpsum one time payment of alimony?  #TaxBillionaires #taxfraud #TaxTheRich #taxation #ITR"""
1867160561022378006,1790096504041943040,2024-12-12T10:52:22.000Z,"""@ankushmahajann @nsitharaman @IncomeTaxIndia @PMOIndia @aajtak @ABPNews @ndtvindia @ETNOWlive @ZeeBusiness @FinancialTimes @MLJ_GoI @TheLallantop @PiyushGoyal @sudhirchaudhary  Why there is no tax on Lumpsum one time payment of alimony?  #TaxBillionaires #taxfraud #TaxTheRich #taxation #ITR"""
1867160425554391490,1790096504041943040,2024-12-12T10:51:50.000Z,"""@MenTooSave @nsitharaman @IncomeTaxIndia @PMOIndia @aajtak @ABPNews @ndtvindia @ETNOWlive @ZeeBusiness @FinancialTimes @MLJ_GoI @TheLallantop @PiyushGoyal @sudhirchaudhary  Why there is no tax on Lumpsum one time payment of alimony?  #TaxBillionaires #taxfraud #TaxTheRich #taxation #ITR"""
1867160381308944699,1790096504041943040,2024-12-12T10:51:39.000Z,"""@SamSiff @nsitharaman @IncomeTaxIndia @PMOIndia @aajtak @ABPNews @ndtvindia @ETNOWlive @ZeeBusiness @FinancialTimes @MLJ_GoI @TheLallantop @PiyushGoyal @sudhirchaudhary  Why there is no tax on Lumpsum one time payment of alimony?  #TaxBillionaires #taxfraud #TaxTheRich #taxation #ITR"""
1867160346978566293,1790096504041943040,2024-12-12T10:51:31.000Z,"""@JagritiYadav132 @nsitharaman @IncomeTaxIndia @PMOIndia @aajtak @ABPNews @ndtvindia @ETNOWlive @ZeeBusiness @FinancialTimes @MLJ_GoI @TheLallantop @PiyushGoyal @sudhirchaudhary  Why there is no tax on Lumpsum one time payment of alimony?  #TaxBillionaires #taxfraud #TaxTheRich #taxation #ITR"""
1867160266913227133,1790096504041943040,2024-12-12T10:51:12.000Z,"""@dr_artisticsoul @nsitharaman @IncomeTaxIndia @PMOIndia @aajtak @ABPNews @ndtvindia @ETNOWlive @ZeeBusiness @FinancialTimes @MLJ_GoI @TheLallantop @PiyushGoyal @sudhirchaudhary  Why there is no tax on Lumpsum one time payment of alimony?  #TaxBillionaires #taxfraud #TaxTheRich #taxation #ITR"""
1867160161619784002,1790096504041943040,2024-12-12T10:50:47.000Z,"""@ShoneeKapoor @nsitharaman @IncomeTaxIndia @PMOIndia @aajtak @ABPNews @ndtvindia @ETNOWlive @ZeeBusiness @FinancialTimes @MLJ_GoI @TheLallantop @PiyushGoyal @sudhirchaudhary  Why there is no tax on Lumpsum one time payment of alimony?  #TaxBillionaires #taxfraud #TaxTheRich #taxation #ITR"""
1867160123593855221,1790096504041943040,2024-12-12T10:50:38.000Z,"""@right2men @nsitharaman @IncomeTaxIndia @PMOIndia @aajtak @ABPNews @ndtvindia @ETNOWlive @ZeeBusiness @FinancialTimes @MLJ_GoI @TheLallantop @PiyushGoyal @sudhirchaudhary  Why there is no tax on Lumpsum one time payment of alimony?  #TaxBillionaires #taxfraud #TaxTheRich #taxation #ITR"""
1867160078627045846,1790096504041943040,2024-12-12T10:50:27.000Z,"""@Abhishe81194041 @nsitharaman @IncomeTaxIndia @PMOIndia @aajtak @ABPNews @ndtvindia @ETNOWlive @ZeeBusiness @FinancialTimes @MLJ_GoI @TheLallantop @PiyushGoyal @sudhirchaudhary  Why there is no tax on Lumpsum one time payment of alimony?  #TaxBillionaires #taxfraud #TaxTheRich #taxation #ITR"""
1867160042719371539,1790096504041943040,2024-12-12T10:50:18.000Z,"""@LokmatNewsHindi @nsitharaman @IncomeTaxIndia @PMOIndia @aajtak @ABPNews @ndtvindia @ETNOWlive @ZeeBusiness @FinancialTimes @MLJ_GoI @TheLallantop @PiyushGoyal @sudhirchaudhary  Why there is no tax on Lumpsum one time payment of alimony?  #TaxBillionaires #taxfraud #TaxTheRich #taxation #ITR"""
1867160009895031276,1790096504041943040,2024-12-12T10:50:11.000Z,"""@AshwiniUpadhyay @narendramodi @AmitShah @myogiadityanath @himantabiswa @pushkardhami @BhajanlalBjp @DrMohanBhagwat @NayabSainiBJP @arjunrammeghwal @NitishKumar @Dev_Fadnavis @PMOIndia @nsitharaman @IncomeTaxIndia @PMOIndia @aajtak @ABPNews @ndtvindia @ETNOWlive @ZeeBusiness @FinancialTimes @MLJ_GoI @TheLallantop @PiyushGoyal @sudhirchaudhary  Why there is no tax on Lumpsum one time payment of alimony?  #TaxBillionaires #taxfraud #TaxTheRich #taxation #ITR"""
1867159984037048796,1790096504041943040,2024-12-12T10:50:05.000Z,"""@aajtak @nsitharaman @IncomeTaxIndia @PMOIndia @aajtak @ABPNews @ndtvindia @ETNOWlive @ZeeBusiness @FinancialTimes @MLJ_GoI @TheLallantop @PiyushGoyal @sudhirchaudhary  Why there is no tax on Lumpsum one time payment of alimony?  #TaxBillionaires #taxfraud #TaxTheRich #taxation #ITR"""
1867159952814637185,1790096504041943040,2024-12-12T10:49:57.000Z,"""@ShoneeKapoor @nsitharaman @IncomeTaxIndia @PMOIndia @aajtak @ABPNews @ndtvindia @ETNOWlive @ZeeBusiness @FinancialTimes @MLJ_GoI @TheLallantop @PiyushGoyal @sudhirchaudhary  Why there is no tax on Lumpsum one time payment of alimony?  #TaxBillionaires #taxfraud #TaxTheRich #taxation #ITR"""
1867159913987719531,1790096504041943040,2024-12-12T10:49:48.000Z,"""@NCMIndiaa @nsitharaman @IncomeTaxIndia @PMOIndia @aajtak @ABPNews @ndtvindia @ETNOWlive @ZeeBusiness @FinancialTimes @MLJ_GoI @TheLallantop @PiyushGoyal @sudhirchaudhary  Why there is no tax on Lumpsum one time payment of alimony?  #TaxBillionaires #taxfraud #TaxTheRich #taxation #ITR"""
1867159867926229116,1790096504041943040,2024-12-12T10:49:37.000Z,"""@RajatSharmaLive @nsitharaman @IncomeTaxIndia @PMOIndia @aajtak @ABPNews @ndtvindia @ETNOWlive @ZeeBusiness @FinancialTimes @MLJ_GoI @TheLallantop @PiyushGoyal @sudhirchaudhary  Why there is no tax on Lumpsum one time payment of alimony?  #TaxBillionaires #taxfraud #TaxTheRich #taxation #ITR"""
1867159817166713115,1790096504041943040,2024-12-12T10:49:25.000Z,"""@PiyushCA910 @nsitharaman @IncomeTaxIndia @PMOIndia @aajtak @ABPNews @ndtvindia @ETNOWlive @ZeeBusiness @FinancialTimes @MLJ_GoI @TheLallantop @PiyushGoyal @sudhirchaudhary  Why there is no tax on Lumpsum one time payment of alimony?  #TaxBillionaires #taxfraud #TaxTheRich #taxation #ITR"""
1867159754209968615,1790096504041943040,2024-12-12T10:49:10.000Z,"""@INDmoneyApp @nsitharaman @IncomeTaxIndia @PMOIndia @aajtak @ABPNews @ndtvindia @ETNOWlive @ZeeBusiness @FinancialTimes @MLJ_GoI @TheLallantop @PiyushGoyal @sudhirchaudhary  Why there is no tax on Lumpsum one time payment of alimony?  #TaxBillionaires #taxfraud #TaxTheRich #taxation #ITR"""
1867159694164561953,1790096504041943040,2024-12-12T10:48:55.000Z,"""@ShubhamShuklaMP @nsitharaman @IncomeTaxIndia @PMOIndia @aajtak @ABPNews @ndtvindia @ETNOWlive @ZeeBusiness @FinancialTimes @MLJ_GoI @TheLallantop @PiyushGoyal @sudhirchaudhary  Why there is no tax on Lumpsum one time payment of alimony?  #TaxBillionaires #taxfraud #TaxTheRich #taxation #ITR"""
1867159614418018512,1790096504041943040,2024-12-12T10:48:36.000Z,"""@news24tvchannel @nsitharaman @IncomeTaxIndia @PMOIndia @aajtak @ABPNews @ndtvindia @ETNOWlive @ZeeBusiness @FinancialTimes @MLJ_GoI @TheLallantop @PiyushGoyal @sudhirchaudhary  Why there is no tax on Lumpsum one time payment of alimony?  #TaxBillionaires #taxfraud #TaxTheRich #taxation #ITR"""
1867159578695389364,1790096504041943040,2024-12-12T10:48:28.000Z,"""@SurgicalWay @nsitharaman @IncomeTaxIndia @PMOIndia @aajtak @ABPNews @ndtvindia @ETNOWlive @ZeeBusiness @FinancialTimes @MLJ_GoI @TheLallantop @PiyushGoyal @sudhirchaudhary  Why there is no tax on Lumpsum one time payment of alimony?  #TaxBillionaires #taxfraud #TaxTheRich #taxation #ITR"""
1867159541735198811,1790096504041943040,2024-12-12T10:48:19.000Z,"""@TimesNow @nsitharaman @IncomeTaxIndia @PMOIndia @aajtak @ABPNews @ndtvindia @ETNOWlive @ZeeBusiness @FinancialTimes @MLJ_GoI @TheLallantop @PiyushGoyal @sudhirchaudhary  Why there is no tax on Lumpsum one time payment of alimony?  #TaxBillionaires #taxfraud #TaxTheRich #taxation #ITR"""
1867159485564792894,1790096504041943040,2024-12-12T10:48:06.000Z,"""@ShoneeKapoor @nsitharaman @IncomeTaxIndia @PMOIndia @aajtak @ABPNews @ndtvindia @ETNOWlive @ZeeBusiness @FinancialTimes @MLJ_GoI @TheLallantop @PiyushGoyal @sudhirchaudhary  Why there is no tax on Lumpsum one time payment of alimony?  #TaxBillionaires #taxfraud #TaxTheRich #taxation #ITR"""
1867159450622316762,1790096504041943040,2024-12-12T10:47:57.000Z,"""@AshwiniUpadhyay @narendramodi @AmitShah @myogiadityanath @himantabiswa @pushkardhami @DrMohanYadav51 @BhajanlalBjp @arjunrammeghwal @KirenRijiju @PMOIndia @HMOIndia @RSSorg @nsitharaman @IncomeTaxIndia @PMOIndia @aajtak @ABPNews @ndtvindia @ETNOWlive @ZeeBusiness @FinancialTimes @MLJ_GoI @TheLallantop @PiyushGoyal @sudhirchaudhary  Why there is no tax on Lumpsum one time payment of alimony?  #TaxBillionaires #taxfraud #TaxTheRich #taxation #ITR"""
1867159354316664958,1790096504041943040,2024-12-12T10:47:34.000Z,"""@advocate_alakh @nsitharaman @IncomeTaxIndia @PMOIndia @aajtak @ABPNews @ndtvindia @ETNOWlive @ZeeBusiness @FinancialTimes @MLJ_GoI @TheLallantop @PiyushGoyal @sudhirchaudhary  Why there is no tax on Lumpsum one time payment of alimony?  #TaxBillionaires #taxfraud #TaxTheRich #taxation #ITR"""
1867159282170331469,1790096504041943040,2024-12-12T10:47:17.000Z,"""@ravigahlot841 @nsitharaman @IncomeTaxIndia @PMOIndia @aajtak @ABPNews @ndtvindia @ETNOWlive @ZeeBusiness @FinancialTimes @MLJ_GoI @TheLallantop @PiyushGoyal @sudhirchaudhary  Why there is no tax on Lumpsum one time payment of alimony?  #TaxBillionaires #taxfraud #TaxTheRich #taxation #ITR"""
1867159224897130724,1790096504041943040,2024-12-12T10:47:04.000Z,"""@Kshitij45__ @nsitharaman @IncomeTaxIndia @PMOIndia @aajtak @ABPNews @ndtvindia @ETNOWlive @ZeeBusiness @FinancialTimes @MLJ_GoI @TheLallantop @PiyushGoyal @sudhirchaudhary  Why there is no tax on Lumpsum one time payment of alimony?  #TaxBillionaires #taxfraud #TaxTheRich #taxation #ITR"""
1867159174209282482,1790096504041943040,2024-12-12T10:46:51.000Z,"""@aajtak @nsitharaman @IncomeTaxIndia @PMOIndia @aajtak @ABPNews @ndtvindia @ETNOWlive @ZeeBusiness @FinancialTimes @MLJ_GoI @TheLallantop @PiyushGoyal @sudhirchaudhary  Why there is no tax on Lumpsum one time payment of alimony?  #TaxBillionaires #taxfraud #TaxTheRich #taxation #ITR"""
1867159069343224141,1790096504041943040,2024-12-12T10:46:26.000Z,"""@Lawyer_Kalpana @nsitharaman @IncomeTaxIndia @PMOIndia @aajtak @ABPNews @ndtvindia @ETNOWlive @ZeeBusiness @FinancialTimes @MLJ_GoI @TheLallantop @PiyushGoyal @sudhirchaudhary  Why there is no tax on Lumpsum one time payment of alimony?  #TaxBillionaires #taxfraud #TaxTheRich #taxation #ITR"""
1867158986660667830,1790096504041943040,2024-12-12T10:46:07.000Z,"""@AmishAggarwala @nsitharaman @IncomeTaxIndia @PMOIndia @aajtak @ABPNews @ndtvindia @ETNOWlive @ZeeBusiness @FinancialTimes @MLJ_GoI @TheLallantop @PiyushGoyal @sudhirchaudhary  Why there is no tax on Lumpsum one time payment of alimony?  #TaxBillionaires #taxfraud #TaxTheRich #taxation #ITR"""
1867158727180406906,1790096504041943040,2024-12-12T10:45:05.000Z,"""@ShoneeKapoor @nsitharaman @IncomeTaxIndia @PMOIndia @aajtak @ABPNews @ndtvindia @ETNOWlive @ZeeBusiness @FinancialTimes @MLJ_GoI @TheLallantop @PiyushGoyal @sudhirchaudhary  Why there is no tax on Lumpsum one time payment of alimony?  #TaxBillionaires #taxfraud #TaxTheRich #taxation #ITR"""
1867151079861076317,585973231,2024-12-12T10:14:42.000Z,"""@Keir_Starmer @AngelaRayner Stop making decisions to benefit the super rich then. #taxtherich"""
1867145493169754424,423971188,2024-12-12T09:52:30.000Z,"""@RBReich Not to mention the ""borrowing"".  #TaxTheRich to pay it back.  With interest. https://t.co/uZDKU6jgWn"""
1867122774759837991,17324247,2024-12-12T08:22:13.000Z,"""@Columbo79193678 @Bhaal_Spawn @primecrew In theory. As long as the government doesn't #TaxTheRich it would be the responsible thing for the rich to ""tax themselves"". Problem: You don't get rich by being a good person."""
1867114727564058996,1721789404984082432,2024-12-12T07:50:15.000Z,"""Dear @nsitharaman,@narendramodi ji,Why not impose 75% tax on influencers to ease the burden on middle-class employees?When influencers earn more than doctors &amp; engineers,are we valuing superficial content over education?This isn‚Äôt progress. #TaxTheRich #MiddleClassStruggles https://t.co/MxQJDmLOKk"""
1867106522381066435,66835736,2024-12-12T07:17:38.000Z,"""Dear @GMB 14 years of #tory #cuts #corruption #lies will cause #deaths ps #taxtherich"""
1867105212374057184,827024882881949696,2024-12-12T07:12:26.000Z,"""#CorporateGreed  They admitted to price gouging in court!  #TaxTheRich before it becomes necessary to #EatTheRich https://t.co/EWwbHRXKsV"""
1867097164230414742,1534481445250531328,2024-12-12T06:40:27.000Z,"""@BitiTendai In South Africa the Ramaphosa ANC/DA coalition want to tax all small business like spaza shops &amp; others.  Pure madness, these informal traders create many jobs.  #TaxTheRich @EFFSouthAfrica #SkeemSaam @ChrisExcel102 @MorningLiveSABC @eNCA"""
1867093224478937094,433558111,2024-12-12T06:24:48.000Z,"""üôè#FullyFundIRS to go after Tax Cheats #TaxTheRich to pay 4 #GOPTaxScam #BillionairesTax #RaiseTheCap #GoAfterTaxCheats #NoCutsToVeteransCare #NoCutsToSocialSecurity #NoCutsToHeadStart #NoCutsToHousingAid #NoCutsToSnap #NoCutsToMedicareMedicaid #NoCutsToStudentAid #BanDarkMoney https://t.co/O7QOtoWJip"""
1867081051492778222,1849111978343632899,2024-12-12T05:36:26.000Z,"""@QasimRashid The London School of Economics explains why trickledown theory is rubbish. The rich just hoard their money. #taxtherich #tax  https://t.co/QxXi4zg9MG"""
1867072012373594277,781701900,2024-12-12T05:00:30.000Z,"""This has been a deception ever since Reagan's myth about ""welfare queens"" and the 80s slogan ""greed is good"". It has completely permeated society like a cancer. #TaxTheRich https://t.co/bH8vyg2H2y"""
1867069033214017567,1537696306982158337,2024-12-12T04:48:40.000Z,"""UNIVERSAL HEALTH COVERAGE DAY . https://t.co/IsAL28TwuT . #universalhealthcare #medicareforall #healthcare #medicare #all #socialism #capitalism #taxtherich #workingclass #livingwage #capitalismkills #democraticsocialism #governmentcorruption #corruption #humankindness https://t.co/kq8cYcWpK8"""
1867057842835841157,1313317636026007552,2024-12-12T04:04:12.000Z,"""This is now, and has been the problem for years!  I simply can‚Äôt fathom, how the people that have so much more money than they need, can live here for free, and receive subsidies from the government.  #TaxTheRich https://t.co/joVKyL6HkN"""
1867051062030635213,781701900,2024-12-12T03:37:15.000Z,"""Truth Justice Democracy What do these three things have in common? They all cut into corporate profits and billionaire wealth. #TaxTheRich https://t.co/8FKNk5FrxT"""
1867044539166494860,327253387,2024-12-12T03:11:20.000Z,"""Concern in Govt: Private sector profit at 15-year high but #salaries stagnant.  #PrivateSector #NirmalaSitharaman #NarendraModi #TaxTheRich #taxterrorism #GST #taxation   https://t.co/WmM06EjWTu"""
1867038601604669798,2493013459,2024-12-12T02:47:45.000Z,"""RT RT RT  Truth  #TaxTheRich not the Middle Class. https://t.co/NXww2t6U9H"""
1867015068686426566,407267845,2024-12-12T01:14:14.000Z,"""@HawleyMO The United States should immediately follow suit. Tax our billionaires‚ÄºÔ∏è  #TaxTheRich https://t.co/BDMccpwofe"""
1867008713590182122,1134095051334795264,2024-12-12T00:48:59.000Z,"""There‚Äôs 8 billion people on Earth. If he just gave each of us 1 billion he would still have $392 billion. #TaxTheRich https://t.co/7DLpEeUjL9"""
1867004202972483744,4351672872,2024-12-12T00:31:03.000Z,"""New taxation in times of crisis  #TaxTheRich #HumanRights  https://t.co/gmRJKmbimT"""
1867003105688142241,113208276,2024-12-12T00:26:42.000Z,"""@atrupar #TaxTheRich 50's style"""
1867002329440063516,17497522,2024-12-12T00:23:37.000Z,"""@TristanSnell Time to #TaxTheRich  https://t.co/Gc5EaVv7F5"""
