1872067299697623527,1248392100283965440,2024-12-25T23:50:00.000Z,"""#Church, #christianity, ALL is #antichrist. Carnal, earthly, #fleshly, decieving and being decieved. Wolves, #falseprophets. UNCLEAN. ""Having a form of godliness but denying the power thereof: from such turn away"". I came not to call the righteous, but #sinners to repentance.‚Äù"""
1872062306521387283,721972633,2024-12-25T23:30:09.000Z,"""Behold, the virgin shall conceive and bear a son, and they shall call his name Immanuel - Matthew 1:23 #God #Jesus #TheBible #Bible #Prayer #Faith #Christianity #Love #Peace #WorldPeace #Christmas #ChristmasDay #Christmas2024"""
1872061975028723862,721972633,2024-12-25T23:28:50.000Z,"""Amen!! #God #Jesus #TheBible #Bible #Prayer #Faith #Christianity #Love #Peace #WorldPeace #Christmas #ChristmasDay #Christmas2024 https://t.co/OvAr4LFZLu"""
1872061785093865752,721972633,2024-12-25T23:28:05.000Z,"""Amen!! #God #Jesus #TheBible #Bible #Prayer #Faith #Christianity #Love #Peace #WorldPeace #Christmas #ChristmasDay #Christmas2024 https://t.co/EcZm7kCp7U"""
1872061523222577178,1327009644833763328,2024-12-25T23:27:03.000Z,"""#God Jesus Christ #JesusIsTheReason #HolySpirit #Church Bible #Scripture #Gospel #Prayer #Faith #Hope #Truth #Christianity #Christians And All who want to hear  #Christmas https://t.co/IOh9yQtcKo"""
1872060970098467105,1263476900158201857,2024-12-25T23:24:51.000Z,"""Full video: Pope Francis leads Christmas Eve Midnight Mass  Title: A Holy Night: Christmas Mass at St. Peter's Basilica, Rome Introduction: NBC News presents... #World #Catholic #Christianity #Christmas #faith #Holy_Door #Hope #hopeful #Jesus_Christ #Ju... https://t.co/LZbU9HuRax"""
1872060037860081680,1327009644833763328,2024-12-25T23:21:08.000Z,"""#God #JesusChrist #JesusIsTheReason #JesusWins #JesusIsKing #HolySpirit #Salvation Bible #Scripture #Gospel Church Prayer #Faith Hope #Truth #Christmas #Christianity #Christians and all who want to hear https://t.co/w2NnYp9A2G"""
1872048927643725828,4881407763,2024-12-25T22:36:59.000Z,"""We Catholics do NOT worship Mary. We admire and appreciate her. That's it. She's an intermediary between us and Jesus Christ, just like a dead loved one.  #Christian #Catholic #Christianity #Mary #FYI #DYK  #Catholicism #Jesus #JesusChrist #Christ"""
1872047540847415466,1656082843380903947,2024-12-25T22:31:29.000Z,"""""The Christmas season is about giving thanks to the Lord for the ultimate gift He delivered to us through His Son and our Savior, Jesus Christ.""  - @MarkMeckler   #FlashPoint #FlashPointArmy #MarkMeckler #GeneBailey #TeriBailey #Christianity #MerryChristmas #JesusIsTheReason"""
1872047007990452701,1871254630476238848,2024-12-25T22:29:22.000Z,"""Happy Holidays! What spiritual practices are you doing during the Holiday season to grow spiritually?   #Hoodoo #SpiritualJourney #Spirituality  #spiritual #Christianity #witchcraft #practices #growth #HAPPYHOLIDAYS"""
1872046519676998098,1656082843380903947,2024-12-25T22:27:25.000Z,"""‚ÄúThere is now peace from God towards man through Jesus.""  - @andrewwommack   #FlashPoint #FlashPointArmy #AndrewWommack #GeneBailey #TeriBailey #Christianity #faith #peace #MerryChristmas #JesusIsTheReason"""
1872046255561654642,1840375933674377216,2024-12-25T22:26:22.000Z,"""5 star book, beautifully written, check it out below  #grace #NewBook #Christianity   https://t.co/2NPccpbmcB"""
1872046037805973897,1656082843380903947,2024-12-25T22:25:31.000Z,"""‚ÄúJesus was like a lightening rod, and when he died for your sins, ALL of God‚Äôs wrath against your sin was placed on Him.""  - @andrewwommack   #FlashPoint #FlashPointArmy #AndrewWommack #GeneBailey #TeriBailey #Christianity #faith #MerryChristmas #JesusIsTheReason #salvation"""
1872045513782210922,1656082843380903947,2024-12-25T22:23:26.000Z,"""‚ÄúJesus came to reconcile us to God.""  - @andrewwommack   #FlashPoint #FlashPointArmy #AndrewWommack #GeneBailey #TeriBailey #Christianity #faith #MerryChristmas #JesusIsTheReason"""
1872044825748672743,1656082843380903947,2024-12-25T22:20:42.000Z,"""‚ÄúIt‚Äôs imperative that we consider the cost to Christ...wonder at His love...marvel at the plan...and stand in awe of its audacity‚Äù  - @dutchsheets   #FlashPoint #FlashPointArmy #DutchSheets #GeneBailey #TeriBailey #Christianity #faith #MerryChristmas #JesusIsTheReason"""
1872044508852183219,1587520792421703683,2024-12-25T22:19:26.000Z,"""@IDF Dumb #Christianity fighting for Israel"""
1872043889076715667,1496702616893472775,2024-12-25T22:16:58.000Z,"""Merry Christmas to those who celebrate.  Jesus was Jewish. He was born, lived, and died as a Jew Jesus' identity cannot be understood apart from his Jewishness.... More: https://t.co/cgqg2kMhGO.  #Jesus #Judaism #Jews #Israel #Christian #Christmas #Christianity #Religion"""
1872042287829844194,97539688,2024-12-25T22:10:36.000Z,"""#MAGA Style #Christianity (#Christinanity) https://t.co/OctQBnnyr3"""
1872042259660906930,1656082843380903947,2024-12-25T22:10:30.000Z,"""‚ÄúMerry Christmas! God is unwrapping the call of God in your life, because he is preparing a holy generation‚Äù - @lancewallnau   #FlashPoint #FlashPointArmy #LanceWallnau #GeneBailey #TeriBailey #MerryChristmas #Christianity #faith #Bible #JesusIsLord"""
1872039618776043886,1656082843380903947,2024-12-25T22:00:00.000Z,"""""We are living in a generation where God is bringing the spirit and power of Elijah - an anointing to confront the Jezebel and Ahab spirits in the United States.""  - @lancewallnau   #FlashPoint #FlashPointArmy #LanceWallnau #GeneBailey #TeriBailey #Christianity #faith #America"""
1872037998323544287,3380714247,2024-12-25T21:53:34.000Z,"""‚úùÔ∏èPsalms 112:1 ""Praise all of you the LORD. Blessed is the man that fears the LORD, that delights greatly in his commandments."" Updated King James Bible #JesusIsLord #Jesus Christ #God is good #Christians #Christianity #Bible #Christmas2024 #Israel #Jerusalem"""
1872037700179767525,1656082843380903947,2024-12-25T21:52:23.000Z,"""‚ÄúWe now see God visiting us with answers to the prayers of our youth!‚Äù  - @lancewallnau   #FlashPoint #FlashPointArmy #LanceWallnau #GeneBailey #TeriBailey #Christianity #faith #prayer #MerryChristmas #JesusIsLord"""
1872036670020997475,1858911488192151552,2024-12-25T21:48:17.000Z,"""Imagine a devil calling for Peace. After attacking &amp; coming for the Prince of Peace! Irony at its BEST‚Ä¶or Maybe a  BE(A)STü§¥üèΩüëâüèΩBEAST ü•∑üë∫ü§∫ #endtimes #christianity #prophecy #news #church #aliens #angels #demons #ufo #JesusChrist #God #Judgement #Justice #Karma https://t.co/vSAnwQ33FA"""
1872036283666792755,1492583797753274371,2024-12-25T21:46:45.000Z,"""The Christian village of Al-Messimiah in Horan, Daraa, Syria where Apostle Paul spent 3 years after his conversion in Damascus, is under attack from fanatic extremist terrorist groups, it's been several days now people &amp; properties being attacked. #Syria #Christian #Christianity"""
1872033232029626705,1210555243517370368,2024-12-25T21:34:37.000Z,"""Bible Study - Do You Have Room For Jesus? https://t.co/WZ2BPFTREI via @YouTube #Christmas #Christmas2024 #ChristmasDay #BibleStudy #bible #JesusIsTheReason #JesusChrist #JesusSaves #JesusLovesYou #KJV #KJB #Christianity #Christian #Church #JesusIsLord #ChristmasJoy  #salvation"""
1872032267738239327,1585667444437393410,2024-12-25T21:30:47.000Z,"""And this is WHY she has lost the #Election2024 üôÑ that stupid dumb idiot of a women has the balls to say something like that, a country where #Christianity and #Christmas is so important like in Italy and the Vatican! This video should stay forever and repeat every time! https://t.co/nxPBz5BsKU"""
1872029943045247222,1756868579130060800,2024-12-25T21:21:33.000Z,"""Satanic Temple outlawed in Russia ‚Äî RT Russia &amp; Former Soviet Union https://t.co/hQClT40izc #Christianity"""
1872027642159055220,295353320,2024-12-25T21:12:25.000Z,"""Where does the Christmas tree ritual come from and did it originate with birth of Christianity? https://t.co/WGeMJxjdHs   #Christmas #tree #ritual #originate #birth #Christianity #Germany #Martin #Luther #tradition"""
1872024624185372927,830245591,2024-12-25T21:00:25.000Z,"""1 / 2 #Blackpeople #BlackChurch #Blackwomen #Blackmen  #africanwomen #Mary #blackjesus #TruthMatters #Christianity  #JesusChrist #BlackConversations  #ChristmasReads  @TheFinalCall ""The true history of Jesus and dispelling myths, misconceptions and lies""  https://t.co/g9p2VKuhoP"""
1872018515861086596,1666630399001329664,2024-12-25T20:36:09.000Z,"""..watch the entire video‚Ä¶üëÄ #christian #christianity #god #jesus #christ ... https://t.co/ZsNKkSiyue via @YouTube"""
1872017672306909547,1585635904831356931,2024-12-25T20:32:48.000Z,"""@ShadowofEzra @elonmusk  @realDonaldTrump  @angeloinchina @BenFRubinstein  @MathiasPriebe  @toobaffled  @KimDotcom  @DirtyHarry_tv  @davidicke  @VigilantFox  @BGatesIsaPyscho  What are we paying for? #Satanic #Christmas #Entertainment  #Ukraine #Christianity is dying in Realtime"""
1872013790516224437,1566198597783212032,2024-12-25T20:17:22.000Z,"""@iamyesyouareno Christians being slaughtered by Muslims in Nigeria and Congo. Christians persecuted and killed in Pakistan. Muslims attacking Christians in Europe and the UK. Muslim preachers calling for death to Jews and Christians in Western Sydney! Wake up! We are at war! #Christianity"""
1872013696915960204,1135982887571021825,2024-12-25T20:17:00.000Z,"""3:17 P.M. (1517 hours): Time to pray &amp; feast for #Catholic-#Protestant reconciliation &amp; unity. #pray #feast #Christianity #unity #scripture #Bible #Christmas   John, 17:20-23"""
1872012673875054898,1585635904831356931,2024-12-25T20:12:56.000Z,"""@Kahlissee #Christianity is dying in Front of Our Eyes, with the Help of German Politics"""
1872012412523798972,1847577345479122944,2024-12-25T20:11:54.000Z,"""1st Corinthians 6:18 ‚úùÔ∏èüôèüèæ #christian #christianity #god #jesus #faith #c... https://t.co/gqhxrZD2dK via @YouTube"""
1872005604610339011,1213625325713670144,2024-12-25T19:44:50.000Z,"""üì£ New Podcast! ""The Evolution of Santa Claus: From Saint Nicholas to Coca Cola"" on @Spreaker #christ #christian #christianity #christmas #claus #god #history #jesus #logos #philosophy #religion #santa #spirit #spirituality #theology #trinity https://t.co/zVNXJe58Xj"""
1872002282361155934,1455216926406463492,2024-12-25T19:31:38.000Z,"""New #Evidence for the #ShroudofTurin w/ Fr. Andrew Dalton https://t.co/VrPAsBITSl via @YouTube   Give this a watch, amazing video!!üôè   #Science #Physics #Archaeology #Astrophysics #Christianity #Catholic #Trending #God #JesusChrist #Faith #life #Wisdom #CatholicTO #Christmas"""
1871996597456056564,3599371163,2024-12-25T19:09:03.000Z,"""Awesome information you have gathered and exposed to everyone üôèüèªüí•ü´°  #Christianity #Christmas2024 #Christians https://t.co/xFmPMEVBvH"""
1871994249937637741,1320406464,2024-12-25T18:59:43.000Z,"""#december25 #protevangelion #gospel by #apostle #james on the #perpetual #virginmary and #birth of #jesus #christianity #bible #church #christmas #history #nativity #lent #challenge #fyp #viral_video #wintercelebration  #happyholidays #HoHoHo! #TikTok https://t.co/Fad4hCUB7a"""
1871993929425674429,1219302186523344898,2024-12-25T18:58:27.000Z,"""Do you believe in God and in Jesus? Then do you ‚Äãbelieve ‚ÄãRevelation, ‚Äãword of promise?   #God #Jesus #Bible #Revelation #prophecy #fulfillment #testimony #Shincheonji #love #truth #grace #faith #hope #heaven #ShincheonjiChurch #12Tribes #Christianity https://t.co/gdAHVxDetg"""
1871993861910000077,1187300409305468929,2024-12-25T18:58:11.000Z,"""@MESSIAH_777   Whatever happens remember that patience is the key. Wait patiently, until the unknown hour when I shall leave and the selected shall be brought with me...  #GodWins #Jesus #Bible #Yahweh #Christianity #repentance #JesusSaves #TeamJesus"""
1871993720746516929,1187300409305468929,2024-12-25T18:57:37.000Z,"""@MESSIAH_777   And the heavens and the earth came in different generations - the generations of the heavens and of the earth... And verily I say to you, that this particular generation shall not pass away, until all is fulfilled  #GodWins #Jesus #Bible #Christianity #JesusSaves‚Ä¶ https://t.co/EFcfc1vV7E"""
1871993616991924437,1187300409305468929,2024-12-25T18:57:12.000Z,"""@MESSIAH_777   And all these things must take place... And heaven and earth shall pass away, but my words are eternal  #GodWins #Jesus #Bible #Yahweh #Christianity #repentance #JesusSaves #TeamJesus"""
1871991978126410205,755103632362569728,2024-12-25T18:50:42.000Z,"""No matter how dark the storm clouds of life become, there is hope, and His name is Jesus. Click/Tap the link to hear more. #afaithfulsower #christianity #Bible #Jesus #dailydevotion #podcast https://t.co/qdOaPyLohc"""
1871991681144545723,488101851,2024-12-25T18:49:31.000Z,"""1/2 Based on the satanic ""#ProsperityGospel"" that say God rewards faith with wealth, when it was Satan who offered such to #Jesus &amp; he rejected it...  The rise of cool #Christianity https://t.co/Hoh6DqdEUs via @ABCaustralia"""
1871991591046623675,1719074185346211840,2024-12-25T18:49:09.000Z,"""@Franklin_Graham @realchrisrufo @ConceptualJames @elonmusk @shaunmmaguire @lexfridman @ID_AA_Carmack @mayemusk Human beings had finally broken the Holy Trinity altogether, so now #Christianity is a ghastly rotting revenant of itself, not so much #dead as undead. M. @ConceptualJames and M. @JackPosobiec and M. @PastorMark are like the disintegrating zombies of George Romero films.  ~Mono"""
1871991017978970213,1187300409305468929,2024-12-25T18:46:53.000Z,"""@MESSIAH_777   But those who are of God, shall hear my voice and they shall recognize it and they shall know...  #GodWins #Jesus #Bible #Yahweh #Christianity #repentance #JesusSaves #TeamJesus"""
1871990873271287841,1187300409305468929,2024-12-25T18:46:18.000Z,"""@MESSIAH_777   Peace I left with you‚Ä¶ And your part was to accept and receive the Holy Spirit and allow it to become one with you  #GodWins #Jesus #Bible #Yahweh #Christianity #repentance #JesusSaves #TeamJesus"""
1871990694610620894,1187300409305468929,2024-12-25T18:45:36.000Z,"""@MESSIAH_777   And all must turn from evil to good, all must turn away from sin in order to find the peace that was left behind‚Ä¶  #GodWins #Jesus #Bible #Yahweh #Christianity #repentance #JesusSaves #TeamJesus"""
1871990591518826746,1187300409305468929,2024-12-25T18:45:11.000Z,"""@MESSIAH_777   Those who plot evil in their hearts shall deceive themselves  #GodWins #Jesus #Bible #Yahweh #Christianity #repentance #JesusSaves #TeamJesus"""
1871990497486721501,1187300409305468929,2024-12-25T18:44:49.000Z,"""@MESSIAH_777   And when the time comes the elects shall leave this world behind and they shall be as angels in the kingdom of God  #GodWins #Jesus #Bible #Yahweh #Christianity #repentance #JesusSaves #TeamJesus"""
1871990380306256325,1187300409305468929,2024-12-25T18:44:21.000Z,"""@MESSIAH_777   From me you came and to me you must return...  #GodWins #Jesus #Bible #Yahweh #Christianity #repentance #JesusSaves #TeamJesus"""
1871990287423439016,1187300409305468929,2024-12-25T18:43:59.000Z,"""@MESSIAH_777   And many have come in my name saying that they shall save you. And verily I say to you that there is but one that can provide salvation  #GodWins #Jesus #Bible #Yahweh #Christianity #repentance #JesusSaves #TeamJesus"""
1871990143546184009,1187300409305468929,2024-12-25T18:43:24.000Z,"""@MESSIAH_777   The peace I left is not of this world...  #GodWins #Jesus #Bible #Yahweh #Christianity #repentance #JesusSaves #TeamJesus"""
1871990054614446229,1187300409305468929,2024-12-25T18:43:03.000Z,"""@MESSIAH_777   Those who give to God shall also receive from God  #GodWins #Jesus #Bible #Yahweh #Christianity #repentance #JesusSaves #TeamJesus"""
1871989893628572107,1187300409305468929,2024-12-25T18:42:25.000Z,"""@MESSIAH_777   Trust in God for there is no one but God who can direct your feet  #GodWins #Jesus #Bible #Yahweh #Christianity #repentance #JesusSaves #TeamJesus"""
1871989811550224497,1187300409305468929,2024-12-25T18:42:05.000Z,"""@MESSIAH_777   Know that your body is the temple and make sure to keep darkness and evil out of it...  #GodWins #Jesus #Bible #Yahweh #Christianity #repentance #JesusSaves #TeamJesus"""
1871989694269190387,1187300409305468929,2024-12-25T18:41:37.000Z,"""@MESSIAH_777   And angels  are walking upon earth, but who shall be able to recognize them?  #GodWins #Jesus #Bible #Yahweh #Christianity #repentance #JesusSaves #TeamJesus"""
1871989488555343997,1593718678129876994,2024-12-25T18:40:48.000Z,"""Pilau for Muslims but why do Christians also cook pilau on Christmas day #MerryChristmas  #Christianity"""
1871989306870595727,739364597606580224,2024-12-25T18:40:05.000Z,"""@stillnextdoor @MoSalah He's enjoying a wonderful day with his family and sharing peace and goodwill with all men and women on earth. #Christmas2024 #Christianity"""
1871989001470829055,1187300409305468929,2024-12-25T18:38:52.000Z,"""@MESSIAH_777   The prophecies shall continue without interruption until the end...  #GodWins #Jesus #Bible #Yahweh #Christianity #repentance #JesusSaves #TeamJesus"""
1871988741721743646,1187300409305468929,2024-12-25T18:37:50.000Z,"""@MESSIAH_777   Oh, sleeping watchmen‚Ä¶ Do you not recognize what time this is? Do you not know that this is the time when you must wake up and stay awake?  #GodWins #Jesus #Bible #Yahweh #Christianity #repentance #JesusSaves #TeamJesus #Yeshua #God #Messiah"""
1871987063899459883,1719074185346211840,2024-12-25T18:31:10.000Z,"""No matter what M. @Franklin_Graham or M. @realchrisrufo or M. @ConceptualJames (or M. @elonmusk) may say about #Christianity, its overall story is one of failure and disaster.  I think that with historical perspective and analysis, no other conclusion is possible about it.  ~Mono"""
1871986773397782738,1719074185346211840,2024-12-25T18:30:01.000Z,"""Indeed the story of #Christianity generally is the story of a relentless assault on the Holy Trinity: first #Christians went to war with each other to codify the concept of the #Trinity in proper Roman fashion.  Then‚Äîbeing Christians‚Äîthey went on fighting with each other.  ~Mono"""
1871986368454476007,1719074185346211840,2024-12-25T18:28:24.000Z,"""Both the Norse people and the Greeks saw that there were three strands of #Time or #Fate; they amount to about the same thing.  To speak of one's fate is to speak of the #Future. The Norns and the Moirai were triple goddesses of Fate, which #Christianity tried to destroy.  ~Mono https://t.co/zig0qPo9s7"""
1871979219695136872,3063706288,2024-12-25T18:00:00.000Z,"""So... What do you think about this video? Should I make more? #christianity #jesus #epiphany #lent #ashwednesday #palmsunday #goodfriday #easter #EasternCommand #christmas #bible #church https://t.co/a02vQB4juX https://t.co/a02vQB4juX"""
1871977574718713887,1719074185346211840,2024-12-25T17:53:28.000Z,"""@presbycast M. @presbycast and M. @ConceptualJames, that is impossible: to be right-wing is to be authoritarian, and the true spirit of #Christianity (which is not to be found among any ""conservatives"") is anti-authoritarian. To be properly #Christian is to disobey authority.  ~Mono"""
1871976214459801908,1496921904879325185,2024-12-25T17:48:03.000Z,"""My wife and I took our 14 month old to her first candle light Christmas Eve church service last night. We all had so much fun! ‚úùÔ∏è‚õ™üéÑ Merry Christmas everyone!  #church #christmas #christmaseve #christianity #jesuschrist"""
1871974509185839562,289496524,2024-12-25T17:41:17.000Z,"""https://t.co/SGLSUyFlZp Lee Strobel - Visited by an Angel | #FaithJourney  #AngelEncounter  #Heaven #Christianity #Transformation  #LeeStrobel #SpiritualAwakening #Forgiveness #LifeChangingMoments #Joy  #Hope #Inspiration  #god #motivation #inspiration #Jesus  #shawnryan"""
1871974484514648398,1813302311650824192,2024-12-25T17:41:11.000Z,"""@marcthiessen @nytimes It should be noted that it is still the policy of the New York Times not to allow people to question the safety and efficacy of the COVID vaccine in the opinion section, but perfectly fine to question the authenticity of the central tenant of #Christianity on #Christmas Day in‚Ä¶ https://t.co/V2w84L4Mhx"""
1871972374909964695,29909029,2024-12-25T17:32:48.000Z,"""Santa Claus doesn't exist and Christmas is Pagan. https://t.co/i3BPgCAT7p #Christmas #Christianity #History #TheMoreYouKnow #WednesdayWisdom #WednesdayThoughts #Saturnalia"""
1871971922160103707,1965750367,2024-12-25T17:31:00.000Z,"""God‚Äôs Big Message at Christmas: You Are Not Alone, by Chris Field  (Churches Need To Reach Out More to the Singles In Their Communities) https://t.co/6reB4lAZc8 üéÖüéÑ #Christmas #Lonely #Loneliness #Alone #SingleAtChristmas #Christianity #Church #JDVance #HarrisonButker #MattWalsh"""
1871963372159434960,946801574566940672,2024-12-25T16:57:01.000Z,"""Putin really is evil and certainly no Christian to carry out such an act on Christmas Day.  #Putin #Christianity #Christmas https://t.co/JZpkji2fJi"""
1871961934238777722,1757419727347994624,2024-12-25T16:51:19.000Z,"""#Christians advocate for life mercy n goodness whereas #jews advocate for death slavery murder destruction r*ping/murdering CHILDREN they are fundamentally opposite religions  theres NO WAY these evil wicked monsters can b linked to #Christianity cant b linked w them demon jews https://t.co/bZnEg1EonQ"""
1871960865852866850,1703462987778961408,2024-12-25T16:47:04.000Z,"""#Irish Times Op-ed: #Christianity is a #HateCrime The tone-deaf Christmastime argument of a post-Christian civilization https://t.co/lIS5lL3RcD"""
1871960164011811030,574433864,2024-12-25T16:44:17.000Z,"""#Christmas #MerryChristmas2024 #MerryChristmasEveryone #Christmas2024 #Christianity #JesusChrist #PontiusPilatus   Hero Cop Saves Frightened Woman https://t.co/OIPyMXfulv via @YouTube"""
1871958638723813434,1508800960000311411,2024-12-25T16:38:13.000Z,"""Judeo-Christian my @$$  #JudeoChristian #Israel  #JesusChrist  #Christianity  #Judaism https://t.co/dYnbPO005z"""
1871957032322113572,1687932170285809665,2024-12-25T16:31:50.000Z,"""#MerryChristmas2024 #christianity , for the ones going to heaven, the people that try to be good, and make the right choice, I am one of those ppl ,I have fucked up a lot but I try to be good.#hell #heaven #drugs #party #metal @ChevelleInc @korn  @rammstein ,#lutheran #Christmas https://t.co/M8B7JDle2o"""
1871952187729076446,30989340,2024-12-25T16:12:35.000Z,"""#Christianity is the religion of the santity of life Greek #philosophy, roman #law and #christian values https://t.co/oW7FZEDoYs"""
1871951760778232140,1595544871112155149,2024-12-25T16:10:53.000Z,"""Gehazi represents legalistic Christians who do things according to how the rule book states it and don't have a personal connection to God or the Spirit of God to know when there is a shift in the Spirit.   #projectAVerseADay #Bibleverse #Christ #JesusisLord #Christianity üòä‚ô•Ô∏èüîÑ"""
1871950780112273828,1599780093240352768,2024-12-25T16:06:59.000Z,"""Daily devotions. Dec 26 #devotions #devotional #pray #prayer #christianity #chritianinspiration #bibleverses #bibleinspiration #lifewithgod #lifelessons #life #lifstyle #morallife #moralfoundations  #purpose #lukeshori #inspiration #motivation https://t.co/KwjeQhb5vG"""
1871949074284564673,1796617438190010368,2024-12-25T16:00:13.000Z,"""https://t.co/vrRVoHLGpc The church doors are open and we are spreading some Christmas cheer. Merry Christmas!!! #Christianity #ChristIsKing #Christmas #ChristianVtuber #VtuberEN #indievtuber #VTuberUprising"""
1871949022526894367,1154820664349663232,2024-12-25T16:00:00.000Z,"""I knew we'd done something but couldn't figure out what until this year when Providence led me to know our offense is stated in Deut 28...And restoration in Deut 30. #BlackMESSIAH #Igbo #Africa #Nigeria #BlackLivesMatter #Yeshua #Christianity #Israelite #BlackTwitter @blackvoices https://t.co/DTkchRBJ46"""
1871947090534002704,1398747840,2024-12-25T15:52:20.000Z,"""#Hope #USA #Chrismukkah #Hanukkah=sundown on #ChristmasDay in 2024~in a rare occurrence #Christianity #Catholicism reunites with #Judaism monolithic Abrahamic predecessor~the third Father is a jealous G~d #Christians can't love #Jesus more than #FatherGd https://t.co/KeIg4yjrGs"""
1871942750377271321,1710473620680757248,2024-12-25T15:35:05.000Z,"""For all that the secular and Islamic worlds have tried to eliminate or, at the very least silence, Christianity, it and we endure.   Here is why.   #JesusChrist #Christianity #faith #goodness #kindness https://t.co/wUdiNCMXUI"""
1871942634358648997,1219302186523344898,2024-12-25T15:34:37.000Z,"""One must verify: Have I been re-created according to Revelation?  #God #Jesus #Bible #Revelation #prophecy #fulfillment #testimony #Shincheonji #love #truth #grace #faith #hope #heaven #ShincheonjiChurch #12Tribes #Christianity https://t.co/Yvzm6AuWm7"""
1871939546709143607,1852329309693792256,2024-12-25T15:22:21.000Z,"""Lmao...roman emperor Hadrian renamed Judea to Syria Palestine some 136 years after his birth. No body heard in the times of Jesus about arab Palestinian terrorists here. This is erasure of the Christianity and blasphemy!!! #JesusChrist #Christianity #Israel https://t.co/USfjeD4uAk"""
1871934808273907969,23969946,2024-12-25T15:03:31.000Z,"""QotD: Divine will  https://t.co/JXGcUSUgXm #Christianity #HLMencken"""
1871934560482816199,1598309123921252356,2024-12-25T15:02:32.000Z,"""MacArthur on #2024elections  Part 1 of 3 #christianity  #elections2024 #... https://t.co/KDfu7igUaa via @YouTube"""
1871933512980513166,1554838869341720577,2024-12-25T14:58:22.000Z,"""@BJP4India @narendramodi Threat to Bharat:@IASassociation-Organised Mafia,#Rohingya,JudicialCollegiumSystem,Caste Reservation,#Waqf,Income Inequality,NoResearchOnVedas&amp;Upanishads,No R&amp;D,Education System,Muslim League,Dravidianism, AkalTakht ,@UPSC_Official &amp; ForeskinCutters(#Judaism,#Christianity,#ISLAM)"""
1871933471624728790,1554838869341720577,2024-12-25T14:58:13.000Z,"""Threat to Bharat:@IASassociation-Organised Mafia,#Rohingya,JudicialCollegiumSystem,Caste Reservation,#Waqf,Income Inequality,NoResearchOnVedas&amp;Upanishads,No R&amp;D,Education System,Muslim League,Dravidianism, AkalTakht ,@UPSC_Official &amp; ForeskinCutters(#Judaism,#Christianity,#ISLAM) https://t.co/pjZIG0kPug"""
1871933356696617114,1554838869341720577,2024-12-25T14:57:45.000Z,"""@INCIndia Threat to Bharat:@IASassociation-Organised Mafia,#Rohingya,JudicialCollegiumSystem,Caste Reservation,#Waqf,Income Inequality,NoResearchOnVedas&amp;Upanishads,No R&amp;D,Education System,Muslim League,Dravidianism, AkalTakht ,@UPSC_Official &amp; ForeskinCutters(#Judaism,#Christianity,#ISLAM)"""
1871933336253555068,1554838869341720577,2024-12-25T14:57:40.000Z,"""Threat to Bharat:@IASassociation-Organised Mafia,#Rohingya,JudicialCollegiumSystem,Caste Reservation,#Waqf,Income Inequality,NoResearchOnVedas&amp;Upanishads,No R&amp;D,Education System,Muslim League,Dravidianism, AkalTakht ,@UPSC_Official &amp; ForeskinCutters(#Judaism,#Christianity,#ISLAM) https://t.co/ODH9SuDN79"""
1871933104493035536,1554838869341720577,2024-12-25T14:56:45.000Z,"""@narendramodi Threat to Bharat:@IASassociation-Organised Mafia,#Rohingya,JudicialCollegiumSystem,Caste Reservation,#Waqf,Income Inequality,NoResearchOnVedas&amp;Upanishads,No R&amp;D,Education System,Muslim League,Dravidianism, AkalTakht ,@UPSC_Official &amp; ForeskinCutters(#Judaism,#Christianity,#ISLAM)"""
1871933085111247292,1554838869341720577,2024-12-25T14:56:40.000Z,"""Threat to Bharat:@IASassociation-Organised Mafia,#Rohingya,JudicialCollegiumSystem,Caste Reservation,#Waqf,Income Inequality,NoResearchOnVedas&amp;Upanishads,No R&amp;D,Education System,Muslim League,Dravidianism, AkalTakht ,@UPSC_Official &amp; ForeskinCutters(#Judaism,#Christianity,#ISLAM) https://t.co/AVncjKqa8j"""
1871932931062833259,1554838869341720577,2024-12-25T14:56:04.000Z,"""@rajnathsingh Threat to Bharat:@IASassociation-Organised Mafia,#Rohingya,JudicialCollegiumSystem,Caste Reservation,#Waqf,Income Inequality,NoResearchOnVedas&amp;Upanishads,No R&amp;D,Education System,Muslim League,Dravidianism, AkalTakht ,@UPSC_Official &amp; ForeskinCutters(#Judaism,#Christianity,#ISLAM)"""
1871932914705010870,1554838869341720577,2024-12-25T14:56:00.000Z,"""Threat to Bharat:@IASassociation-Organised Mafia,#Rohingya,JudicialCollegiumSystem,Caste Reservation,#Waqf,Income Inequality,NoResearchOnVedas&amp;Upanishads,No R&amp;D,Education System,Muslim League,Dravidianism, AkalTakht ,@UPSC_Official &amp; ForeskinCutters(#Judaism,#Christianity,#ISLAM) https://t.co/5JfnRv7eFN"""
1871932840839184874,1554838869341720577,2024-12-25T14:55:42.000Z,"""@AmitShah @crpfindia Threat to Bharat:@IASassociation-Organised Mafia,#Rohingya,JudicialCollegiumSystem,Caste Reservation,#Waqf,Income Inequality,NoResearchOnVedas&amp;Upanishads,No R&amp;D,Education System,Muslim League,Dravidianism, AkalTakht ,@UPSC_Official &amp; ForeskinCutters(#Judaism,#Christianity,#ISLAM)"""
1871932821067165964,1554838869341720577,2024-12-25T14:55:38.000Z,"""Threat to Bharat:@IASassociation-Organised Mafia,#Rohingya,JudicialCollegiumSystem,Caste Reservation,#Waqf,Income Inequality,NoResearchOnVedas&amp;Upanishads,No R&amp;D,Education System,Muslim League,Dravidianism, AkalTakht ,@UPSC_Official &amp; ForeskinCutters(#Judaism,#Christianity,#ISLAM) https://t.co/WGlIy05fDO"""
1871932397694148737,1339707577,2024-12-25T14:53:57.000Z,"""Good Morning and Merry #Christmas!!!! See this amazing #Bible #Messianic #prophecy: ‚Äú#Christmas‚Äù Prophecies in #Obadiah #Apologetics #Christianity #Jesus #Christ https://t.co/64HoHjXphU"""
1871931760386465794,1554838869341720577,2024-12-25T14:51:25.000Z,"""@Cornell #western academia has bunch of rotten corpses(professors) who are deciding how world should work &amp; creating narratives for deep state for their &amp; corporations benefits.Circumcised Gangsters(#Judaism(Source),#Christianity(#JesusChrist Myth),#ISLAM(Rap'st #muhammad)) #Christmas"""
1871931738907373733,1554838869341720577,2024-12-25T14:51:20.000Z,"""#western academia has bunch of rotten corpses(professors) who are deciding how world should work &amp; creating narratives for deep state for their &amp; corporations benefits.Circumcised Gangsters(#Judaism(Source),#Christianity(#JesusChrist Myth),#ISLAM(Rap'st #muhammad)) #Christmas https://t.co/Tp03smLB6n"""
1871931609274036515,1554838869341720577,2024-12-25T14:50:49.000Z,"""@NorthwesternU #western academia has bunch of rotten corpses(professors) who are deciding how world should work &amp; creating narratives for deep state for their &amp; corporations benefits.Circumcised Gangsters(#Judaism(Source),#Christianity(#JesusChrist Myth),#ISLAM(Rap'st #muhammad)) #Christmas"""
1871931592236753239,1554838869341720577,2024-12-25T14:50:45.000Z,"""#western academia has bunch of rotten corpses(professors) who are deciding how world should work &amp; creating narratives for deep state for their &amp; corporations benefits.Circumcised Gangsters(#Judaism(Source),#Christianity(#JesusChrist Myth),#ISLAM(Rap'st #muhammad)) #Christmas https://t.co/3U9UjjMUks"""
1871931328649994298,1554838869341720577,2024-12-25T14:49:42.000Z,"""#western academia has bunch of rotten corpses(professors) who are deciding how world should work &amp; creating narratives for deep state for their &amp; corporations benefits.Circumcised Gangsters(#Judaism(Source),#Christianity(#JesusChrist Myth),#ISLAM(Rap'st #muhammad)) #Christmas https://t.co/BRZ4B2vJgi"""
1871930862956343333,18626979,2024-12-25T14:47:51.000Z,"""An outstanding piece by Zhai Xiang on the history of Christianity in China  #China #Christianity #Catholic  #MerryChristmas2024 #CounterPointChina https://t.co/lI3lYOOjpO"""
1871930828684698076,1554838869341720577,2024-12-25T14:47:43.000Z,"""@UofT #western academia has bunch of rotten corpses(professors) who are deciding how world should work &amp; creating narratives for deep state for their &amp; corporations benefits.Circumcised Gangsters(#Judaism(Source),#Christianity(#JesusChrist Myth),#ISLAM(Rap'st #muhammad)) #Christmas"""
1871930811098058898,1554838869341720577,2024-12-25T14:47:38.000Z,"""#western academia has bunch of rotten corpses(professors) who are deciding how world should work &amp; creating narratives for deep state for their &amp; corporations benefits.Circumcised Gangsters(#Judaism(Source),#Christianity(#JesusChrist Myth),#ISLAM(Rap'st #muhammad)) #Christmas https://t.co/g7gfiF90MX"""
1871930747474575564,1554838869341720577,2024-12-25T14:47:23.000Z,"""@UCBerkeley @timeshighered #western academia has bunch of rotten corpses(professors) who are deciding how world should work &amp; creating narratives for deep state for their &amp; corporations benefits.Circumcised Gangsters(#Judaism(Source),#Christianity(#JesusChrist Myth),#ISLAM(Rap'st #muhammad)) #Christmas"""
1871930731070636408,1554838869341720577,2024-12-25T14:47:19.000Z,"""#western academia has bunch of rotten corpses(professors) who are deciding how world should work &amp; creating narratives for deep state for their &amp; corporations benefits.Circumcised Gangsters(#Judaism(Source),#Christianity(#JesusChrist Myth),#ISLAM(Rap'st #muhammad)) #Christmas https://t.co/y08cJfBzJh"""
1871930664779669766,1554838869341720577,2024-12-25T14:47:03.000Z,"""@UBC @UBCChem @ubcscience #western academia has bunch of rotten corpses(professors) who are deciding how world should work &amp; creating narratives for deep state for their &amp; corporations benefits.Circumcised Gangsters(#Judaism(Source),#Christianity(#JesusChrist Myth),#ISLAM(Rap'st #muhammad)) #Christmas"""
1871930647021002909,1554838869341720577,2024-12-25T14:46:59.000Z,"""#western academia has bunch of rotten corpses(professors) who are deciding how world should work &amp; creating narratives for deep state for their &amp; corporations benefits.Circumcised Gangsters(#Judaism(Source),#Christianity(#JesusChrist Myth),#ISLAM(Rap'st #muhammad)) #Christmas https://t.co/CS9E7QySio"""
1871930467655848007,1554838869341720577,2024-12-25T14:46:16.000Z,"""@Yale #western academia has bunch of rotten corpses(professors) who are deciding how world should work &amp; creating narratives for deep state for their &amp; corporations benefits.Circumcised Gangsters(#Judaism(Source),#Christianity(#JesusChrist Myth),#ISLAM(Rap'st #muhammad)) #Christmas"""
1871930441038721328,1554838869341720577,2024-12-25T14:46:10.000Z,"""#western academia has bunch of rotten corpses(professors) who are deciding how world should work &amp; creating narratives for deep state for their &amp; corporations benefits.Circumcised Gangsters(#Judaism(Source),#Christianity(#JesusChrist Myth),#ISLAM(Rap'st #muhammad)) #Christmas https://t.co/vxfk73VXsK"""
1871930280304644441,1554838869341720577,2024-12-25T14:45:32.000Z,"""@UChicago #western academia has bunch of rotten corpses(professors) who are deciding how world should work &amp; creating narratives for deep state for their &amp; corporations benefits.Circumcised Gangsters(#Judaism(Source),#Christianity(#JesusChrist Myth),#ISLAM(Rap'st #muhammad)) #Christmas"""
1871930239045243108,1554838869341720577,2024-12-25T14:45:22.000Z,"""#western academia has bunch of rotten corpses(professors) who are deciding how world should work &amp; creating narratives for deep state for their &amp; corporations benefits.Circumcised Gangsters(#Judaism(Source)),#Christianity(#JesusChrist Myth),#ISLAM(Rap'st #muhammad)) #Christmas https://t.co/CgKTTgLLUQ"""
1871930178177474706,1554838869341720577,2024-12-25T14:45:07.000Z,"""#western academia has bunch of rotten corpses(professors) who are deciding how world should work &amp; creating narratives for deep state for their &amp; corporations benefits.Circumcised Gangsters(#Judaism(Source)),#Christianity(#JesusChrist Myth),#ISLAM(Rap'st #muhammad)) #Christmas https://t.co/aGfK1buT4D"""
1871930061659816190,1554838869341720577,2024-12-25T14:44:40.000Z,"""@Princeton #western academia has bunch of rotten corpses(professors) who are deciding how world should work &amp; creating narratives for deep state for their &amp; corporations benefits.Circumcised Gangsters(#Judaism(Source)),#Christianity(#JesusChrist Myth),#ISLAM(Rap'st #muhammad)) #Christmas"""
1871930040507883764,1554838869341720577,2024-12-25T14:44:35.000Z,"""#western academia has bunch of rotten corpses(professors) who are deciding how world should work &amp; creating narratives for deep state for their &amp; corporations benefits.Circumcised Gangsters(#Judaism(Source)),#Christianity(#JesusChrist Myth),#ISLAM(Rap'st #muhammad)) #Christmas https://t.co/f7vj3STGIs"""
1871929687162945719,1554838869341720577,2024-12-25T14:43:10.000Z,"""@Harvard #western academia has bunch of rotten corpses(professors) who are deciding how world should work &amp; creating narratives for deep state for their &amp; corporations benefits.Circumcised Gangsters(#Judaism(Source)),#Christianity(#JesusChrist Myth),#ISLAM(Rap'st #muhammad)) #Christmasüì∑"""
1871929665096749173,1554838869341720577,2024-12-25T14:43:05.000Z,"""#western academia has bunch of rotten corpses(professors) who are deciding how world should work &amp; creating narratives for deep state for their &amp; corporations benefits.Circumcised Gangsters(#Judaism(Source)),#Christianity(#JesusChrist Myth),#ISLAM(Rap'st #muhammad)) #Christmas https://t.co/wInvV8jTJF"""
1871929483529523370,1425447227091193859,2024-12-25T14:42:22.000Z,"""@10DowningStreet It's #ChristmasDay  you imbecile but clearly you despise so much #Christianity and its followers that you can't even give the right wish... therefore shut your ü§¨"""
1871929245322109204,1775343846446010368,2024-12-25T14:41:25.000Z,"""""We must defend the truth at all costs,even if we are reduce to just twelve again."" -St.Pope John Paul ll   #Christianity #Quotes"""
1871929194898506085,1775343846446010368,2024-12-25T14:41:13.000Z,"""""We must defend the truth at all costs,even if we are reduce to just twelve again."" -St.Pope John Paul ll  #MerryChristmas #Christianity #Quotes"""
1871928831797571642,1554838869341720577,2024-12-25T14:39:46.000Z,"""@UCLA #western academia has bunch of rotten corpses(professors) who are deciding how world should work &amp; creating narratives for deep state for their &amp; corporations benefits.Circumcised Gangsters(#Judaism(Source)),#Christianity(#JesusChrist Myth),#ISLAM(Rap'st #muhammad)) #Christmas"""
1871928800285737121,1554838869341720577,2024-12-25T14:39:39.000Z,"""#western academia has bunch of rotten corpses(professors) who are deciding how world should work &amp; creating narratives for deep state for their &amp; corporations benefits.Circumcised Gangsters(#Judaism(Source)),#Christianity(#JesusChrist Myth),#ISLAM(Rap'st #muhammad)) #Christmas https://t.co/H16JYb2ujN"""
1871927879749267771,1676537461701242880,2024-12-25T14:35:59.000Z,"""4). alliances against muslims. After the fall of Byzantine, Ethiopia was the only great kingdom of Eastern church left that survived the muslim expansion  #Africa #christianity #Syria"""
1871927181217312906,741879076370165760,2024-12-25T14:33:13.000Z,"""@mkstalin #Periyar motherf.cker said you can eat you own fruit(Daughter).#periyar the bastard was #western stooge &amp; this shit(#MKStalinCM) follows him.Circumcised Gangsters(#Judaism(#Europeans hijacked #Asians identity)),#Christianity(Mythical Zombie #JesusChrist),#ISLAM(Rap'st #muhammad))"""
1871927072622535067,741879076370165760,2024-12-25T14:32:47.000Z,"""#Periyar motherf.cker said you can eat you own fruit(Daughter).#periyar the bastard was #western stooge &amp; this shit(#MKStalinCM) follows him.Circumcised Gangsters(#Judaism(#Europeans hijacked #Asians identity)),#Christianity(Mythical Zombie #JesusChrist),#ISLAM(Rap'st #muhammad)) https://t.co/1QQaExwsmJ"""
1871926445536371106,28518371,2024-12-25T14:30:17.000Z,"""Jim Carry said this about Jesus! ü§Ø #christianity #hollywood #spiritualit... https://t.co/qBDJUHI1cu via @YouTube"""
1871926109719466113,1554838869341720577,2024-12-25T14:28:57.000Z,"""@mkstalin #Periyar motherf.cker said you can eat you own fruit(Daughter).#periyar the bastard was #western stooge &amp; this shit(#MKStalinCM) follows him.Circumcised Gangsters(#Judaism(#Europeans hijacked identity)),#Christianity(MythicalZombie #JesusChrist),#ISLAM(Rap'st #arab #muhammad))"""
1871926069990990135,1554838869341720577,2024-12-25T14:28:48.000Z,"""#Periyar motherf.cker said you can eat you own fruit(Daughter).#periyar the bastard was #western stooge &amp; this shit(#MKStalinCM) follows him.Circumcised Gangsters(#Judaism(#Europeans hijacked identity)),#Christianity(MythicalZombie #JesusChrist),#ISLAM(Rap'st #arab #muhammad)) https://t.co/RkXTj6LTy0"""
1871924523987325051,1187300409305468929,2024-12-25T14:22:39.000Z,"""@MESSIAH_777   John 14:15  If you love me, keep my commandments   Love God with all your heart and all your soulüôè Love your neighbour as yourselfüôèüèª  #GlobalRepentanceCall #God #Jesus #Bible #Yahweh #Messiah #Christianity"""
1871923855088144736,1507966012280483844,2024-12-25T14:20:00.000Z,"""#Christianity in Europe has been declining for generations. ...Yet here sits a thriving abbey with its youthful monks, drawing pilgrims while its Benedictines pray the ancient Latin of the Roman church. https://t.co/jlkdbgunED"""
1871923066814796145,1320406464,2024-12-25T14:16:52.000Z,"""#December25 #protevangelion #gospel by #apostle #james on the #virginmary and #birth of #jesus #christianity #bible #Church #Christmas2024 #History #Nativity #lent #challengers #fyp„Ç∑viral #viral_video #tiktokviral #wintercelebration #happyholidays2024   https://t.co/WtBAXK6G5m"""
1871922968319979682,1187300409305468929,2024-12-25T14:16:28.000Z,"""Focus on God always, this mortal life in the flesh is a training ground for your immortal soulüôèHumble your ego/flesh and find TRUE FAITH in God: The Father The Son The Holy Spiritüôèüèª  TRUE FAITH=The Works RequiredüôèüèΩ  #GOD #bible #Messiah #Yahweh #Christianity #JesusSaves‚Ä¶ https://t.co/NaHC1k4467 https://t.co/sOjKPSR7rh"""
1871921669159391578,1825793789287669760,2024-12-25T14:11:19.000Z,"""Dajjal is bound to a rock on one of these islands in the sea and is fed by demons. UN did its research and concluded that the island Socotra has ‚Äúintrusive aliens‚Äù. #Eastafrica #Africa #Somali #Socotra #Yemen #Mogadishu #Somalipeninsula #Islam #Christianity #redsea  üßµ5/5"""
1871919207438536898,823691984,2024-12-25T14:01:32.000Z,"""Truth about #Christianity https://t.co/JBsogP0Hu5"""
1871918821830762861,90956199,2024-12-25T14:00:00.000Z,"""How did the birth of Jesus forever change the world? @Natasha_Crain shares a new way to make the Gospel come alive to your family in this holiday-themed blog post. All you need is a cool pair of 3D glasses. üëâüì±https://t.co/QvzglXR5Zi #Jesus #Gospel #Christianity"""
1871918462932500718,1733630790347493376,2024-12-25T13:58:34.000Z,"""#HolyYear #27Jubilees #ChristianityInRetreat #PersecutedChristians #PopeBergoglio  #Jubilee. What is there to rejoice over? This is the twenty-seventh ordinary Jubilee, not counting the 94 extraordinary ones.  Okay, it's #Christmas, but let's take a look around. #Christianity is‚Ä¶ https://t.co/KOnSaE9lkl"""
1871916310894149978,779728862292930560,2024-12-25T13:50:01.000Z,"""For Christmas: ‚ÄúI heard the bells, on Christmas Day Their old, familiar carols play And wild and sweet The words repeat Of peace on earth, good will to men.‚Äù  MERRY CHRISTMAS! #readingcommunity #Reading #Christianity #Catholic #books #Christmas2024 https://t.co/Rlp220go7z #ebook"""
1871914553828835514,1261547402218967040,2024-12-25T13:43:02.000Z,"""Galatians 4:4-5 [4] But when the set time had fully come, God sent his Son, born of a woman, born under the law, [5] to redeem those under the law, that we might receive adoption to sonship.  #Jesus #God #Bible #Christianity #MerryChristmas https://t.co/BLvqI1LE5a"""
1871914519578193972,1187300409305468929,2024-12-25T13:42:54.000Z,"""@MESSIAH_777   And the wind blows wherever it wishes, and no one but God knows what is yet to come...  #GodWins #Jesus #Bible #Yahweh #Christianity #repentance #JesusSaves #TeamJesus #Yeshua #God #Messiah"""
1871914406621401487,1187300409305468929,2024-12-25T13:42:27.000Z,"""@MESSIAH_777   The true believers shall be revealed and they shall be separated from the others‚Ä¶  #GodWins #Jesus #Bible #Yahweh #Christianity #repentance #JesusSaves #TeamJesus #Yeshua #God #Messiah"""
1871914319866478912,1187300409305468929,2024-12-25T13:42:06.000Z,"""@MESSIAH_777   There are those who have been waiting, and there are those who have not...  #GodWins #Jesus #Bible #Yahweh #Christianity #repentance #JesusSaves #TeamJesus #Yeshua #God #Messiah"""
1871914231819595966,1187300409305468929,2024-12-25T13:41:46.000Z,"""@MESSIAH_777   And some have been waiting for what is true, and others have been waiting for an illusion and a deception that was never part of the prophecy...  #GodWins #Jesus #Bible #Yahweh #Christianity #repentance #JesusSaves #TeamJesus #Yeshua #God #Messiah"""
1871914127029116969,1187300409305468929,2024-12-25T13:41:21.000Z,"""@MESSIAH_777   And remember the armor that was suggested. The armor that so many have failed to put on...  #GodWins #Jesus #Bible #Yahweh #Christianity #repentance #JesusSaves #TeamJesus #Yeshua #God #Messiah"""
1871914062810145039,1317099497684717568,2024-12-25T13:41:05.000Z,"""Daily prayer.  #121DaysofPrayer #ChristianPrayer #Prayer #PrayfortheUSA #InGodWeTrust #GodBlessAmerica #JesusSaves #Christianity #Christian #DailyPrayer  Among the Prophets of Samaria I Saw Something Disgusting https://t.co/fL2jT9yZo3"""
1871913057112453149,1187300409305468929,2024-12-25T13:37:05.000Z,"""@MESSIAH_777   And all shall enter through‚Ä¶ And some shall be approved, while others shall not‚Ä¶  #GodWins #Jesus #Bible #Yahweh #Christianity #repentance #JesusSaves #TeamJesus #Yeshua #God #Messiah"""
1871912969363501228,1187300409305468929,2024-12-25T13:36:45.000Z,"""@MESSIAH_777   Seek you out the scriptures‚Ä¶ It is all written therein, some of it is hidden, but yet written therein‚Ä¶  #GodWins #Jesus #Bible #Yahweh #Christianity #repentance #JesusSaves #TeamJesus #Yeshua #God #Messiah"""
1871912813603828177,1187300409305468929,2024-12-25T13:36:07.000Z,"""@MESSIAH_777   And I shall whisper the truth as time passes by...  #GodWins #Jesus #Bible #Yahweh #Christianity #repentance #JesusSaves #TeamJesus #Yeshua #God #Messiah"""
1871912494513738068,1187300409305468929,2024-12-25T13:34:51.000Z,"""@MESSIAH_777   If you belong to God it is time to prepare as the wise virgins prepared...  #GodWins #Jesus #Bible #Yahweh #Christianity #repentance #JesusSaves #TeamJesus #Yeshua #God #Messiah"""
1871911313993310342,755103632362569728,2024-12-25T13:30:10.000Z,"""Who is this Jesus that Christians celebrate his birthday on December 25? Click or tap the link to read more. #afaithfulsower #christianity #Bible #Jesus #dailydevotion https://t.co/hPVgbuQ5Zp"""
1871908658612936957,1673696867505324032,2024-12-25T13:19:37.000Z,"""My thoughts of the day...  #christian #jesus #bible #christianity #god #faith #holyspirit #love #godisgood #jesuschrist #christ #gospel #prayer #pray #jesusisking #jesussaves #jesusislord #godislove #biblestudy #trending #struggling #depression #anxiety  https://t.co/BclYiRaDI3"""
1871907867483324860,1256055121420718080,2024-12-25T13:16:28.000Z,"""-- Nativity Myths You Probably Believe + Contradictions! -- (from Mindshift) https://t.co/MaHhXmEjXB  #Nativity #Christmas #myths #contradictions #Jesus #Christianity"""
1871905951235940573,1554838869341720577,2024-12-25T13:08:51.000Z,"""@codingwithks @narendramodi @netanyahu #Jews are not #India friends,they are the source of Foreskin cutters.Two dogs are fighting in #Gaza for control over resources.Circumcised Gangsters(#Judaism(#Europeans hijacked someone else's identity)),#Christianity(MythicalZombie #JesusChrist),#ISLAM(Rap'st #arab #muhammad))"""
1871905840627953937,1554838869341720577,2024-12-25T13:08:25.000Z,"""@xBlitz007 @narendramodi @netanyahu #Jews are not #India friends,they are the source of Foreskin cutters.Two dogs are fighting in #Gaza for control over resources.Circumcised Gangsters(#Judaism(#Europeans hijacked someone else's identity)),#Christianity(MythicalZombie #JesusChrist),#ISLAM(Rap'st #arab #muhammad))"""
1871905675162562887,1554838869341720577,2024-12-25T13:07:45.000Z,"""@me_sunitaa @narendramodi @netanyahu #Jews are not #India friends,they are the source of Foreskin cutters.Two dogs are fighting in #Gaza for control over resources.Circumcised Gangsters(#Judaism(#Europeans hijacked someone else's identity)),#Christianity(MythicalZombie #JesusChrist),#ISLAM(Rap'st #muhammad))"""
1871905629516009635,1554838869341720577,2024-12-25T13:07:35.000Z,"""@VividProwess @narendramodi @netanyahu #Jews are not #India friends,they are the source of Foreskin cutters.Two dogs are fighting in #Gaza for control over resources.Circumcised Gangsters(#Judaism(#Europeans hijacked someone else's identity)),#Christianity(MythicalZombie #JesusChrist),#ISLAM(Rap'st #muhammad))"""
1871905498158760111,1554838869341720577,2024-12-25T13:07:03.000Z,"""@Pooja88852503 @narendramodi @netanyahu #Jews are not #India friends,they are the source of Foreskin cutters.Two dogs are fighting in #Gaza for control over resources.Circumcised Gangsters(#Judaism(#Europeans hijacked someone else's identity)),#Christianity(MythicalZombie #JesusChrist),#ISLAM(Rap'st #muhammad))"""
1871905308832112917,1554838869341720577,2024-12-25T13:06:18.000Z,"""@iNishant4 @narendramodi @netanyahu #Jews are not our friends,they are the source of Foreskin cutters.Two dogs are fighting in #Gaza for control over resources.Circumcised Gangsters(#Judaism(#Europeans hijacked someone else's identity)),#Christianity(MythicalZombie #JesusChrist),#ISLAM(Rap'st #muhammad))"""
1871904424953815299,1554838869341720577,2024-12-25T13:02:47.000Z,"""#bible- Fictional stories &amp; magic tricks of a mythical creature Jesus. It's 21'st century,please don't learn Jesus's magic tricks.Circumcised Gangsters(#Judaism(#Europeans hijacked identity)),#Christianity(Myth #JesusChrist),#ISLAM(Rap'st #muhammad)) #ChristmasEve https://t.co/GISqHulP7g"""
1871903565373161929,1554838869341720577,2024-12-25T12:59:22.000Z,"""@frome_maude #bible- Fictional stories &amp; magic tricks of a mythical creature Jesus. It's 21'st century,please don't learn Jesus's magic tricks.Circumcised Gangsters(#Judaism(#Europeans hijacked identity)),#Christianity(Myth #JesusChrist),#ISLAM(Rap'st #muhammad)) #ChristmasEve"""
1871903548520399122,1554838869341720577,2024-12-25T12:59:18.000Z,"""#bible- Fictional stories &amp; magic tricks of a mythical creature Jesus. It's 21'st century,please don't learn Jesus's magic tricks.Circumcised Gangsters(#Judaism(#Europeans hijacked identity)),#Christianity(Myth #JesusChrist),#ISLAM(Rap'st #muhammad)) #ChristmasEve https://t.co/GZ6mToAb6F"""
1871903496175538460,1554838869341720577,2024-12-25T12:59:06.000Z,"""#bible- Fictional stories &amp; magic tricks of a mythical creature Jesus. It's 21'st century,please don't learn Jesus's magic tricks.Circumcised Gangsters(#Judaism(#Europeans hijacked identity)),#Christianity(Myth #JesusChrist),#ISLAM(Rap'st #muhammad)) #ChristmasEve https://t.co/sZN2ggD9JG"""
1871903385349402685,1554838869341720577,2024-12-25T12:58:40.000Z,"""#bible- Fictional stories &amp; magic tricks of a mythical creature Jesus. It's 21'st century,please don't learn Jesus's magic tricks.Circumcised Gangsters(#Judaism(#Europeans hijacked identity)),#Christianity(Myth #JesusChrist),#ISLAM(Rap'st #muhammad)) #ChristmasEve https://t.co/OIbiB87zEc"""
1871903176695448023,1554838869341720577,2024-12-25T12:57:50.000Z,"""@PatriciaHeaton #bible- Fictional stories &amp; magic tricks of a mythical creature Jesus. It's 21'st century,please don't learn Jesus's magic tricks.Circumcised Gangsters(#Judaism(#Europeans hijacked identity)),#Christianity(Myth #JesusChrist),#ISLAM(Rap'st #muhammad)) #ChristmasEve"""
1871903152284565514,1554838869341720577,2024-12-25T12:57:44.000Z,"""#bible- Fictional stories &amp; magic tricks of a mythical creature Jesus. It's 21'st century,please don't learn Jesus's magic tricks.Circumcised Gangsters(#Judaism(#Europeans hijacked identity)),#Christianity(Myth #JesusChrist),#ISLAM(Rap'st #muhammad)) #ChristmasEve https://t.co/HpNf6Uv4xi"""
1871902881781264719,1271455734912503808,2024-12-25T12:56:39.000Z,"""Apparently, them born am on Dec 25th and en come die for April üôÑ what a 4 months #MerryChristmas  #zelena #xmas2024 #newborn #celebration #Christianity  #religion"""
1871902381891346641,127297106,2024-12-25T12:54:40.000Z,"""Jerusalem Through The Ages ‚ñ∏https://t.co/eLyb74IDCh | #Israel #Jerusalem #Christianity"""
1871900055478878296,1718025366957101056,2024-12-25T12:45:26.000Z,"""Who will protect #Christianity in its birthplace, #Palestine? https://t.co/7032hs0d7d"""
1871899924612395198,44798696,2024-12-25T12:44:54.000Z,"""It‚Äôs #ChristmasDay   Trump just told half of America to rot in hell  #MAGA #ChristiansForTrump #Christianity #Jesus #ChristianFaith #ChristmasDay #MerryChristmas @GOP @SenateGOP @HouseGOP @RNCResearch @SpeakerJohnson @elonmusk @LindseyGrahamSC @marcorubio @tedcruz @SenJohnKennedy"""
1871899531543183755,1339707577,2024-12-25T12:43:21.000Z,"""Amazing #Bible #Messianic #prophecy! ‚Äú#Christmas‚Äù Expectations in the book of #Obadiah #Apologetics #Christianity #Jesus #Christ https://t.co/64HoHjXphU"""
1871899011369898235,44798696,2024-12-25T12:41:17.000Z,"""@Chicago1Ray You worship Trump, the anti-Christ who introduced us to Arnold Palmer‚Äôs massive cock.  #MAGA #ChristiansForTrump #Christianity #Jesus #God #ChristianFaith #ChristmasDay #MerryChristmas"""
1871898647799136423,44798696,2024-12-25T12:39:50.000Z,"""@MrRickeyVictory You worship Trump, the anti-Christ who introduced us to Arnold Palmer‚Äôs massive cock.  #MAGA #ChristiansForTrump #Christianity #Jesus #God #ChristianFaith #ChristmasDay #MerryChristmas"""
1871898048852574477,44798696,2024-12-25T12:37:27.000Z,"""@bennyjohnson You worship Trump, the anti-Christ who introduced us to Arnold Palmer‚Äôs massive cock.  #MAGA #ChristiansForTrump #Christianity #Jesus #God #ChristianFaith #ChristmasDay #MerryChristmas"""
1871889724300054705,1496804307026518028,2024-12-25T12:04:22.000Z,"""@AmyMek It is a reminder of where #Christianity evolved from. Sharing many tenets. Not shared with another more recent ideology that refuses to exist alongside them. Particularly in the Middle East &amp; Africa  @BoardofDeputies @churchofengland @SadiqKhan @IsraelinUK @antisemitism"""
1871887255348068536,1577326485391540224,2024-12-25T11:54:34.000Z,"""Thread 4/6: #Yule #Christianity  In Northern Europe, the Germanic peoples celebrated Yule, a festival involving feasting, drinking, and lighting fires to symbolize the return of the sun. Many of these traditions, like the Yule log, were later incorporated into Christmas‚Ä¶ https://t.co/9MVLbuWwi6 https://t.co/MI6xs1QAYR"""
1871885810783670428,1829109991602552832,2024-12-25T11:48:49.000Z,"""@HaydenWill85892 When a black gets killed by police there's riots and I mean violent riots why isn't the same thing happening at schools from angry parents??? Maybe they secretly enjoy it!!! Hypocrites #hypocrites Christianity #christianity Satan #satan riot #riot https://t.co/wm06fr761J"""
1871884018037522520,1698770789711929344,2024-12-25T11:41:42.000Z,"""Better be worried first for #minorities and #asylum_seekers in #Cyprus who are pressured to practice #christianity https://t.co/Dw2hakAJXc"""
1871883932561817744,63271220,2024-12-25T11:41:22.000Z,"""This is a story about a Christian Collage in CA that has been ordered by the state to close. Is this an example of Christian Persecution?  Hint: No. Read on to find a real religious horror story  #education #university #christianity #religion #California  https://t.co/dkeSkFF5jQ"""
1871874002618388941,351200452,2024-12-25T11:01:54.000Z,"""John @NotTheBaptizer This is supercilious and superficial #Christianity.  These people are attempting to make their unimportant and egotistical lives important but gathering ""likes"" and ""amens"". It is only #God  we need to please and not men Gal. 1:10.  I learned that years ago https://t.co/8YwylR9ZfA"""
1871872559576502759,1718719767098396672,2024-12-25T10:56:10.000Z,"""@RadioGenoa Have you seen the virtue of #Islam and its benefit to minds?!! What have #atheism, #disbelief, and #Christianity produced other than moral decay, corruption, and mixing of lineages!! The religion before #God is #Islam"""
1871871129364881711,183569413,2024-12-25T10:50:29.000Z,"""#PutinWarCriminal chose to destroy #Christmas and #Christianity https://t.co/hdGuDVlK9V"""
1871868402500821041,127297106,2024-12-25T10:39:39.000Z,"""Jesus Christ - Fact or Fiction? ‚ñ∏https://t.co/8p5hbHzVP8 | #Christianity"""
1871866075618705563,1849402487834300416,2024-12-25T10:30:24.000Z,"""Do you Have One Second Or A min? #jesus#jesuschrist #christian #christianity #fyp https://t.co/TZSo1ZWqUs via @YouTube"""
1871865084311753019,28947194,2024-12-25T10:26:28.000Z,"""Merry Christmas! Relational Gifts and the Gift of Jesus - Purity https://t.co/BsveOKJPSa #Discipleship #Christian #Christianity #ChristJesus #freedominchrist #JesusChrist #mt4christ #mt4christ247podcast #Jesus #prayer #CelebrateFreedom"""
1871861882157670786,1187300409305468929,2024-12-25T10:13:44.000Z,"""@MESSIAH_777   And the two hands of God, which you need to remember‚Ä¶  #GodWins #Jesus #Bible #Yahweh #Christianity #repentance #JesusSaves #TeamJesus #Yeshua #God #Messiah"""
1871861763387597294,1187300409305468929,2024-12-25T10:13:16.000Z,"""@MESSIAH_777   2021‚Ä¶ The next part of the prophecy shall begin. Those who belong to God shall not fear...  #GodWins #Jesus #Bible #Yahweh #Christianity #repentance #JesusSaves #TeamJesus #Yeshua #God #Messiah"""
1871861318229360872,1187300409305468929,2024-12-25T10:11:30.000Z,"""@MESSIAH_777   A man said: ‚ÄùThe soil is not fruitful‚Äù. And verily I say to you, at the end of the season the soil is less suitable for sowing and more suitable for reaping...  #GodWins #Jesus #Bible #Yahweh #Christianity #repentance #JesusSaves #TeamJesus #Yeshua #God #Messiah"""
1871861093007565261,206999288,2024-12-25T10:10:36.000Z,"""@AmandeepBhogal lays out the simple truth that without #Christianity there's no #civilised society   #Jesus stopped the eye for an eye mentality and called for turning the other cheek   Jesus stopped stoning mentality and said he without sin cast the first stone   #Christ is the‚Ä¶ https://t.co/FciGPlpWAY https://t.co/KURftizQBG"""
1871860906747121853,1187300409305468929,2024-12-25T10:09:52.000Z,"""@MESSIAH_777   In me you shall have peace, but in the world you shall have tribulation... Choose wisely and overcome the world...  #GodWins #Jesus #Bible #Yahweh #Christianity #repentance #JesusSaves #TeamJesus #Yeshua #God #Messiah"""
1871860716027936859,1187300409305468929,2024-12-25T10:09:06.000Z,"""@MESSIAH_777   And they have put their hope in false things to protect them from what is written about pestilence. It shall not work, for only God can save a man from that which is and that which is yet to come...  #GodWins #Jesus #Bible #Christianity #repentance #JesusSaves‚Ä¶ https://t.co/6TNnJAnk87"""
1871860237063634956,1187300409305468929,2024-12-25T10:07:12.000Z,"""@MESSIAH_777   And their faces shall gather blackness...  #GodWins #Jesus #Bible #Yahweh #Christianity #repentance #JesusSaves #TeamJesus #Yeshua #God #Messiah"""
1871860103961559092,821715189993181184,2024-12-25T10:06:40.000Z,"""What #Christianity is good for:  a) justifying poverty and suffering b) to serve the super rich caste c) paedophiles  d) lying to kids e) the Vatican  e) capitalism &amp; marketing ‚úÖ f) art ‚úÖ  We¬¥re in fucking Peru or Spain or we create at home. No üéÅ.  https://t.co/qWSUqCNKj7"""
1871859936499806451,1187300409305468929,2024-12-25T10:06:00.000Z,"""@MESSIAH_777   This year shall bring devastation, but those who are of God shall not fear...  #GodWins #Jesus #Bible #Yahweh #Christianity #repentance #JesusSaves #TeamJesus #Yeshua #God #Messiah"""
1871859714570719419,1187300409305468929,2024-12-25T10:05:08.000Z,"""@MESSIAH_777   Blessed are those who listened to the prophets, who were sent throughout time  #GodWins #Jesus #Bible #Yahweh #Christianity #repentance #JesusSaves #TeamJesus #Yeshua #God #Messiah"""
1871859595913867520,1187300409305468929,2024-12-25T10:04:39.000Z,"""@MESSIAH_777   Know that the fear of the shadow is nigh... It shall cease and then it shall come back... Blessed is he who reads and understands...  #GodWins #Jesus #Bible #Yahweh #Christianity #repentance #JesusSaves #TeamJesus #Yeshua #God #Messiah"""
1871859330427081182,1187300409305468929,2024-12-25T10:03:36.000Z,"""@MESSIAH_777   Those who have choosen God shall be blessed with understanding, and no doubt shall be found in their hearts...  #GodWins #Jesus #Bible #Yahweh #Christianity #repentance #JesusSaves #TeamJesus #Yeshua #God #Messiah"""
1871858433328050648,950854640433852423,2024-12-25T10:00:02.000Z,"""üåü Rabbi Akiva‚Äôs view of Two Thrones aligns with the Son of Man in Daniel 7‚ÄîMessianic prophecy fulfilled! ‚ú® #FaithJourney #MessianicProphecy #TwoPowers #BibleStudy #Christianity"""
1871857576327131501,715255706056663040,2024-12-25T09:56:38.000Z,"""Church of England must repent, leading cleric says at Christmas https://t.co/BuwQkS5yDh #Christmas #church #uk #religion #Christianity"""
1871856247403892933,1594041315951611906,2024-12-25T09:51:21.000Z,"""His coming is a beautiful reminder that our God is faithful and can always be trusted.  Wishing you a joyful and blessed Christmas!  #believershousehold #dolifebydesign #christianity #jesuslovesyou #merrychristmas #seasonsgreetings #jerseychannelsisland #Christmas2024"""
1871854683351879721,3016900076,2024-12-25T09:45:08.000Z,"""üî¥POPE FRANCIS CALLS !$ ^ R4 ~ E L‚ÄôS BOMBING OF GAZA CHILDREN A ‚ÄúGREAT CRUELTY‚Äù !$ ^ r4 ~ e l  continues to commit massacres in Gaza and has launched attacks on Pope Francis for speaking up in defense of the #Palestinian people. https://t.co/6oV2Usyq4t #Christianity #Gaza‚Ä¶ https://t.co/en3Im9BgiI"""
1871854496600687093,439034383,2024-12-25T09:44:24.000Z,"""@SusanneM0905 Good morning Catfella. Cutest video with a yellow #Cat playing the guitar and a baby boy with santa claus hat is dancing to the music. üéÖüê±üêàüé∏üéÑMerry Christmas, around a Christmas Tree! #baby #Christians Jesus Christ the prophet of Love! #religon of #love! #Christianity üíï‚ù§Ô∏è‚ù§Ô∏è‚Äçü©πüíù"""
1871851139811201250,1027992064385003521,2024-12-25T09:31:03.000Z,"""@DrLoupis #Christians are NOT alone in being #outraged by the #mockery we see every day that is made of #Christianity or #JesusChrist #PBUH #Muslims are outraged more &amp; #condemn it strongly You'll never see this in a #Muslim #country"""
1871846216390393870,1865434941447667713,2024-12-25T09:11:29.000Z,"""Merry Christmas to all my Christian friends and family. I hope you all have a wonderful day. . . . . . . . #Xmas #MerryChristmas #MerryChristmasEveryone #Christmas #SantaClaus #Christianity"""
1871844332874932665,3388074669,2024-12-25T09:04:00.000Z,"""""I found everything about this enthralling story (by @LaurieLCLewis) perfect down to the finest details.""  https://t.co/ZSkzNjqnll  ""5‚≠êÔ∏è- A wonderful WW2 story""  #histfic #historical #war #WWII #WW2 #inspirational #religious #Christianity #booktwt #IARTG #Kindle #books #ebooks"""
1871841965115113939,1719074185346211840,2024-12-25T08:54:36.000Z,"""@MattWalshBlog @DouthatNYT @ConceptualJames @JackPosobiec @realchrisrufo @PastorMark @HawleyMO @DC_Draino @Timcast @GuntherEagleman @laurenboebert Download this ""killer app"" to feel #Salvation! At least for a little while. That is the general aim of #Christians in #programming, thanks to the irrational demands of #capitalism. #Christianity is rotten because capitalism has rotted it. Greed is good to contemporary Christians."""
1871840458382680392,1480145251981398016,2024-12-25T08:48:37.000Z,"""@realRick_AUS Cunts. Agreed. #ramadansucks #christianity"""
1871838138559324506,1566198597783212032,2024-12-25T08:39:23.000Z,"""@BrotherRasheed This is the religion that left-wing woke white socialist women are embracing while in the same breath they disparage #Christianity"""
1871836968197525789,1480145251981398016,2024-12-25T08:34:44.000Z,"""@brianclampitt44 @realRick_AUS Jews are not on radar here, irrelevant and unfashionable. What is ‚ÄòDiwali‚Äô Brian,  I am confused at this country‚Äôs #hate for #christianity this is NOT GOOD"""
1871835819574763835,1820152077760208897,2024-12-25T08:30:11.000Z,"""Happy Birthday to our Lord Jesus Christ!‚ù§Ô∏è #MerryChristmas #Christianity #JesusChrist https://t.co/9biV8KZLjc"""
1871828747810476117,70128928,2024-12-25T08:02:05.000Z,"""A total of 10 blocks were #uncovered at the site, with one showing a man carrying a #goat as part of a banquet scene, and another featuring two standing #lyre players.   https://t.co/pQkdzbFZu2 #SmartNews #Bible #tanakh #christianity"""
1871827290168156345,3390252221,2024-12-25T07:56:17.000Z,"""Your #Christmas Tree Is Nimrod! #christianity #elfontheshelf #xmas #iuic... https://t.co/co2Bz9u5Se via @YouTube"""
1871825446851244527,1300886054594129921,2024-12-25T07:48:58.000Z,"""#Contradictions_in_the_Bible  38. Where did #Jesus first meet Simon Peter and Andrew?  By the sea of Galilee (Matthew 4:18-22) On the banks of river #Jordan (John 1:42). After that, Jesus decided to go to Galilee (John 1:43) ü§î  #Christianity #Bible #BibleStudy  #Faith #Salvation"""
1871823848536166487,40329755,2024-12-25T07:42:36.000Z,"""It's Christmas all over the world, a day to commemorate that a Savior was born, Who taketh away the sin of us all. What do God the Father, the Son, and the Holy Spirit think about the life you have led? Repent, for the Day of the Lord draweth nigh.  #Christianity #Jews #WW3"""
1871823683284808007,633485882,2024-12-25T07:41:57.000Z,"""Constantine the Great | Know all about the emperor who popularised #Christianity in #Rome   #Christmas #Christmas2024 #MerryChristmas #MerryChristmas2024   https://t.co/B4pzXFWSmB"""
1871820162070090005,1696728845377052672,2024-12-25T07:27:58.000Z,"""@RahulGandhi Happy christmas to all #PeopleinWorld....who follow #Christianity.... @WhiteHouse @realDonaldTrump @INCIndia @EU_Commission.... Jai Hind"""
1871816914324144406,1320406464,2024-12-25T07:15:03.000Z,"""#December25 #protevangelion #gospel by #apostle #james on the #perpetual #virginmary and #birth of #jesus #christianity #bible #church #christmas #history #nativity #lent #challenge #fyp #viral_video #happyholidays #hohoho Check out imunza's video! #TikTok https://t.co/cw31mUQyBB"""
1871815326511612209,1064233614,2024-12-25T07:08:45.000Z,"""@bobdishy @benonwine Yesterday, a @UKLabour MP who I will not name used Facebook to wish his / her constituents ""happy holidays"".  1) This country has a very long history of #Christianity  2) Assuming that people of other religions don't want #Christmas2024 to be mentioned is insulting to them üò´"""
1871814799010803994,741879076370165760,2024-12-25T07:06:39.000Z,"""@harvardnews #European/#western academia-bunch of rotten corpses(professors) are deciding how world should work &amp; creating narratives for deep state,their &amp; corporations benefits.Circumcised Gangsters(#Judaism(Source)),#Christianity(#JesusChrist Myth),#ISLAM(Rap'st #muhammad)) #Christmas"""
1871814781243641927,741879076370165760,2024-12-25T07:06:35.000Z,"""#European/#western academia-bunch of rotten corpses(professors) are deciding how world should work &amp; creating narratives for deep state,their &amp; corporations benefits.Circumcised Gangsters(#Judaism(Source)),#Christianity(#JesusChrist Myth),#ISLAM(Rap'st #muhammad)) #Christmas https://t.co/5TYhS65QLf"""
1871814675253665933,741879076370165760,2024-12-25T07:06:09.000Z,"""@StanfordWBB @GoStanford @Stanford #European/#western academia-bunch of rotten corpses(professors) are deciding how world should work &amp; creating narratives for deep state,their &amp; corporations benefits.Circumcised Gangsters(#Judaism(Source)),#Christianity(#JesusChrist Myth),#ISLAM(Rap'st #muhammad)) #Christmas"""
1871814656593170720,741879076370165760,2024-12-25T07:06:05.000Z,"""#European/#western academia-bunch of rotten corpses(professors) are deciding how world should work &amp; creating narratives for deep state,their &amp; corporations benefits.Circumcised Gangsters(#Judaism(Source)),#Christianity(#JesusChrist Myth),#ISLAM(Rap'st #muhammad)) #Christmas https://t.co/9XksVei9Du"""
1871814499461935226,741879076370165760,2024-12-25T07:05:27.000Z,"""@UniofOxford #European/#western academia-bunch of rotten corpses(professors) are deciding how world should work &amp; creating narratives for deep state,their &amp; corporations benefits.Circumcised Gangsters(#Judaism(Source)),#Christianity(#JesusChrist Myth),#ISLAM(Rap'st #muhammad)) #Christmas"""
1871814475055317065,741879076370165760,2024-12-25T07:05:22.000Z,"""#European/#western academia-bunch of rotten corpses(professors) are deciding how world should work &amp; creating narratives for deep state,their &amp; corporations benefits.Circumcised Gangsters(#Judaism(Source)),#Christianity(#JesusChrist Myth),#ISLAM(Rap'st #muhammad)) #Christmas https://t.co/HiXeRSmKdA"""
1871813088871375172,1798901170452267008,2024-12-25T06:59:51.000Z,"""It‚Äôs evident #Christmas #Christians #Christianity #islam #Hinduism #Jewish #religion https://t.co/8WsI4GuY8Q"""
1871805679297851673,1028997931464945665,2024-12-25T06:30:25.000Z,"""https://t.co/F8mldcoelv  Visit my YouTube channel for more inspiring content: https://t.co/2PyOyTgmsK. Don‚Äôt forget to subscribe!  #Christianity #BibleStudy #JesusChrist #ChristianSermons #ChristianWorship #ChristianMusic #ChristianFaith #ChristianTeachings #ChristianMotivation"""
1871804800473682069,1831248041967263744,2024-12-25T06:26:55.000Z,"""Regardless of whether he was born on this day or not... A day o celebrate the man who died for my seasons, spread the love of my Father in heavem and taught me how to live in accordance to his will, is the least I can fo for him #MerryChristmas2024 #MerryChristmas‚ÄØ#Christianity"""
1871802756744519829,1187300409305468929,2024-12-25T06:18:48.000Z,"""@MESSIAH_777   The Holy Spirit is the key for understanding what was written...  #GodWins #Jesus #Bible #Yahweh #Christianity #repentance #JesusSaves #TeamJesus #Yeshua #God #Messiah"""
1871802639434092949,1187300409305468929,2024-12-25T06:18:20.000Z,"""@MESSIAH_777   Do not be good in you own eyes, but in the eyes of God...  #GodWins #Jesus #Bible #Yahweh #Christianity #repentance #JesusSaves #TeamJesus #Yeshua #God #Messiah"""
1871802487478653387,1187300409305468929,2024-12-25T06:17:44.000Z,"""@MESSIAH_777   Many are those who say ‚ÄùGod is my rock‚Äù, and yet some tend to rely on themselves rather than on God‚Ä¶  #GodWins #Jesus #Bible #Yahweh #Christianity #repentance #JesusSaves #TeamJesus #Yeshua #God #Messiah"""
1871802402585870518,1320406464,2024-12-25T06:17:23.000Z,"""#December25 #protevangelion #gospel by #apostle #james on the #perpetual #virginmary and #birth of #jesus #Christianity #bible #Church #Christmas2024 #History #Nativity #lent #challenge #fyp„Ç∑ #Viral_Video #wintercelebration #happyholidays #HOHOHO #TikTok https://t.co/f1Y7x78Xps"""
1871802342959685646,1187300409305468929,2024-12-25T06:17:09.000Z,"""@MESSIAH_777   There is a certain meaning in trust and in faith, and those who remain faithful shall experience it‚Ä¶  #GodWins #Jesus #Bible #Yahweh #Christianity #repentance #JesusSaves #TeamJesus #Yeshua #God #Messiah"""
1871802191213920712,1187300409305468929,2024-12-25T06:16:33.000Z,"""@MESSIAH_777   For when a man is broken down he may finally stop loving this world and overcome it‚Ä¶  #GodWins #Jesus #Bible #Yahweh #Christianity #repentance #JesusSaves #TeamJesus #Yeshua #God #Messiah"""
1871802067331006576,1187300409305468929,2024-12-25T06:16:03.000Z,"""@MESSIAH_777   The more light a man creates the brighter the world around him shall become‚Ä¶  #GodWins #Jesus #Bible #Yahweh #Christianity #repentance #JesusSaves #TeamJesus #Yeshua #God #Messiah"""
1871801537288429801,155403569,2024-12-25T06:13:57.000Z,"""#India‚Äôs connection with #Christianity dates back to ancient times, intertwining faith, history, and culture. Read on: https://t.co/HenzdJBcPO  #MerryChristmas #xmas2024 #Christmas2024 #ChristmasEve"""
1871786012533547254,1866514766463922176,2024-12-25T05:12:16.000Z,"""Imagine posting this on Christmas Eve and calling yourself a real Christian. Most hate-filled, unhealed people on earth.   #Christianity #ChristianNationalism https://t.co/sLLUPAVny0"""
1871784343066300594,1708702643713921024,2024-12-25T05:05:38.000Z,"""CHARLIE BROWN TALKS ABOUT JESUS‚ÅâÔ∏èü§Ø#shorts #gospel #jesus #christianity #... https://t.co/ZGnLVfyBdx via @YouTube"""
1871771328791166986,1591579733854228481,2024-12-25T04:13:55.000Z,"""Eclesiastes 7:15 #christ #jesus #christianity https://t.co/onMrGD19eO via @YouTube we don‚Äôt know when the day will come but rest assured each of us will stand before God,"""
1871769503409094795,946768547828654081,2024-12-25T04:06:40.000Z,"""#Bethlehem #Palestine #Israel #christian #Christians #Christianity #Jesus Merry Christmas everyone https://t.co/RbRV8HZZFd"""
1871767897615593564,946768547828654081,2024-12-25T04:00:17.000Z,"""God bless the #Christians of #Syria  #Syrian #Syrians #Christian #Christianity https://t.co/Opv21LNXUZ"""
1871767877944070555,14112296,2024-12-25T04:00:12.000Z,"""When a tiny amulet holds the key to history: See how this Roman-era find is reshaping our understanding of early Christianity. üîç #Archaeology #History #Christianity #FrankfurtSilverInscription #Frankfurt https://t.co/D705oWCaHF"""
1871767830624153660,946768547828654081,2024-12-25T04:00:01.000Z,"""@CatholicArena @BillyKelleherEU God bless the #Christians of #Syria  #Syrian #Syrians #Christian #Christianity"""
1871767827708891375,950854640433852423,2024-12-25T04:00:00.000Z,"""God‚Äôs nature includes mysteries beyond human understanding‚Äîcould He choose to appear as man? üïäÔ∏è #FaithJourney #TrinityDoctrine #BibleStudy #Christianity #GodsPlan"""
1871765526034464868,1865849225000431616,2024-12-25T03:50:51.000Z,"""‚úùÔ∏è‚ò¶Ô∏èChristianity ü´±üèª‚Äçü´≤üèº Islam ‚ò™Ô∏è   #JesusChrist #Jesus #Christianity #Christian #Christians #Catholicism #Catholic #Catholics #Christmas #MerryChristams #ChristmasDay #ChristmasEve #Easter #Islam #DonaldTrump #Trump #TrumpDance #TrumpTrain #AmericaFirst #MAGA #ZOG https://t.co/VaKu76nzfO"""
1871765008830595403,1598949364528979974,2024-12-25T03:48:48.000Z,"""@VoteLewko #Christianity the only true religion."""
1871764391303221717,1251784980713418753,2024-12-25T03:46:21.000Z,"""@dp_satish All converted as language is older than birth of #Christianity happened overseas."""
1871762460677710039,1819933141320216576,2024-12-25T03:38:40.000Z,"""R.I.P Father Jim! ‚úùÔ∏èüôèüèºüò¢ @news10nbc @SCCrochester #News10NBC #SpiritusChristiRochester #FatherJamesCallan #RIPFatherJim #CatholicChurch #Catholic #Religious #Religion #Christianity https://t.co/bLD00uE0RG"""
1871762254347243778,1851183914183704576,2024-12-25T03:37:51.000Z,"""@Madaxe888 @MEGAEIRE @MEGAEIRE Mellerary is the highest of humanity's #christianity Nollaig Shona from #Corcaigh #Wexford"""
1871762101041353088,1219302186523344898,2024-12-25T03:37:15.000Z,"""If we want to enter #heaven, we must not add to or subtract from #Revelation!  #God #Jesus #Bible #Revelation #prophecy #fulfillment #testimony #Shincheonji #love #truth #grace #faith #hope #heaven #ShincheonjiChurch #12Tribes #Christianity https://t.co/GpBmWzo47x"""
1871759961459740762,1609309235686551552,2024-12-25T03:28:45.000Z,"""Elon Musk: ""Jesus Is BLACK and I Brought Proof"" #Jesus #God #Christianity https://t.co/jNujVpvj7X"""
1871758542576742708,1795989469536964608,2024-12-25T03:23:06.000Z,"""üì£ New Podcast! ""Episode #56 - Ancient Hidden History: The Untold Mesopotamian Creation Story w/ Outside Minds"" on @Spreaker #anunnagods #anunnaki #christianity #consciousness #fitness #health #mesopotamia #nutrition #religion #source https://t.co/YdcFFCm1cq"""
1871748873053495670,1447962432375296000,2024-12-25T02:44:41.000Z,"""Reflection: Just as a door swings back and forth on its hinges without going anywhere, the sluggard remains idle and unproductive, turning in bed without accomplishing anything.  Read more üëâ https://t.co/mJk0JXeXYy  #christianity #faith #JesusChrist #Devotional"""
1871746072651124823,1465669964371800072,2024-12-25T02:33:33.000Z,"""@CS_doesaselikes @SOK1026 @Fx1Jonny @josh__mufc Um.. no you did not answer. #Christianity is this how you answer a question? üòÇ  Yes or No, please answer."""
1871742830055706896,1720253926971473921,2024-12-25T02:20:40.000Z,"""Rev Dr Munther Isaac pastor at the Evangelical Lutheran Church in Bethlehem delivered a powerful sermon, stating: ‚ÄúNever again should mean never again to all peoples. Yet ‚Äònever again‚Äô has become ‚Äòyet again.‚Äô‚Äù  #gaza #palestine #neveragain #christianity   https://t.co/dQLxZE27wJ"""
1871737630024450087,895411770105491457,2024-12-25T02:00:00.000Z,"""""Putting others before yourself and respecting the life you have been granted is the essence of #Christianity.¬† And no human can accomplish that without petitioning divine guidance"" #Christmas2024  https://t.co/cNg8gewJ8S"""
1871735214747398446,1843140278795874304,2024-12-25T01:50:25.000Z,"""@EllenDG1975 @BRICSinfo Yet even after all üëÜ you #Christians &amp; #Atheists love and support #Israel #Palestinian  #Genocide.  Your #Islamophobia &amp; hate of #Muslims os stronger than your love for #Christianity/#Jesus pbuh.  https://t.co/jvuk8tUIq9"""
1871732414692860204,96440819,2024-12-25T01:39:17.000Z,"""Free Christmas Day.  Nature's Whisper, Emergent Hearts, Love's Eternal Embrace https://t.co/Q0dj8tD3de  #love #futurism #romance #christianity #restoration #shortnovels"""
1871729156662415430,847038775356096512,2024-12-25T01:26:20.000Z,"""This is the number of #IndianImmigrants the #Anglosphere, the #FiveEyes countries should be willing to accept. An exact equal of the Indians they converted into #Christianity! Be fucking fair!‚ò∫üëçüçª #MerryChristmas  #32Million‚ò∫ https://t.co/PQK2ze2JAa"""
1871725767975207413,1118993287766056961,2024-12-25T01:12:52.000Z,"""The churches are not all equal though. The churches in the rich neighborhoods are nicer and better but not larger with more services. Churches are the same size in every neighborhood and offer the same services. #Mosque #Islam #Catholic #Christianity #CatholicChurch #Equality"""
1871725765718597887,1118993287766056961,2024-12-25T01:12:52.000Z,"""They build the nicest mosque far away from where I live and the biggest ones too. They put large churches in every town or city or area. Not the same thing in Islam. Some sort of discrimination. #Mosque #Islam #Catholic #Christianity #CatholicChurch #equalrights #Equality"""
1871725130495533062,34532662,2024-12-25T01:10:20.000Z,"""#shockingrevelation #chosenones Humbleness &amp; Violence The Best Violence ... https://t.co/WOlSyObkLl via @YouTube #Revelation #revelations #anointed #chosenone #jesuschrist #foryoupageviral„Ç∑ #explore #praiseandworship #Christian #Christianity ##propheticword"""
1871722780397650254,2176714855,2024-12-25T01:01:00.000Z,"""Marriage originated in the heart of God. It displays the faithful love between Jesus and His church, the spiritual oneness between Jesus and His followers, and Gods‚Äô creation power and blessing through children.  #TruthMatters #Christianity #Hope #GodIsGreat #Truth"""
1871722613443367153,1337514709017366529,2024-12-25T01:00:20.000Z,"""@realMaalouf They hate any sign of #Christianity I have worn a crufix necklace for years Recently #Hijab clad people have shrieked at me &amp; run away It is really disturbing  I am a mature woman using a walking stick  I have been jostled as they pass me Tolerate is not a strong point of theirs"""
1871722534619763132,325571036,2024-12-25T01:00:01.000Z,"""Author Joseph M. Lenard dropped by this week for a nice, upbeat chat about terrorism and religion, and what it means to be a ChristiTutionalist. Listen in on #SavingAmerica!  #Politics #Podcast #Religion #Christianity #Books #Terrorism #911Attack https://t.co/6Vxgbe9fJZ"""
1871721671763349957,1871659920577482752,2024-12-25T00:56:36.000Z,"""ü¶ìüíç‚ù§Ô∏èüá©üá™ Metaphor. #Peanuts #CharlieBrown üéÑüåü  ‚ÄúMoney Money Money.‚Äù #UK #TheFed #US #Atheists #Evil #Greed #Bullies #Liberalism #Woke // #Christianity #Christ #Christmas #DiedForOurSins https://t.co/1eOgHRj4cw"""
1871720868461887996,96053303,2024-12-25T00:53:24.000Z,"""@mehdirhasan #christianity: #Hate people you have no understanding about!!!"""
1871720008575021298,365697544,2024-12-25T00:49:59.000Z,"""What an absolute load of rubbish, seriously all this medieval clap trap ... no wonder nobody in their right mind goes to church anymore... they're all absolutely crackers  #BBC1   #Warwick   #MerryChristmas   #MidnightMass   #Christianity"""
1871712655834292395,1642306396762034176,2024-12-25T00:20:46.000Z,"""A double-millennia ago, the LORD sent his son to fulfill the prophecy and save humanity from sin; On that day a King was born, the living God JESUS CHRIST, our beloved master! #Christianity #Christmas¬† #MerryChristmas¬† #Xmas #ChristianFaith #JesusIsKing https://t.co/3hK2ybN93N"""
1871711328835879005,1123425652336676864,2024-12-25T00:15:30.000Z,"""A Christmas Message from the British Democrats  The British Democrats wish everyone a Merry Christmas and a joyful festive season.  https://t.co/kDno27B5F4  #British_Democrats #Culture #Christianity #Santa_Claus #Tradition #Christ #Christmas #Xmas #Yule #Winter #Solstice #Pagan‚Ä¶ https://t.co/T7O6TrLxQ1"""
1871709934372676009,222959565,2024-12-25T00:09:57.000Z,"""Mary did you know ‚Ä¶. #shorts #jesus #christianity #viral #holymary https://t.co/2HjtYtE9Y1 via @YouTube"""
1871709786762617314,1187300409305468929,2024-12-25T00:09:22.000Z,"""Humble your ego/fleshüôèüèΩGod calls to you with every breath He gives you..find TRUE FAITH and God‚Äôs Holy Spirit will guide you..trust what is revealed..God will not lie to you or lead you astrayüôè  #God #Jesus #Bible #Messiah #Christianity #JesusSaves #Yahweh #GlobalRepentanceCall"""
