1872762826215047316,1577449768321785856,2024-12-27T21:53:46.000Z,"""WTF. Just when you think you seen it all ğŸ¤” #MakeAmericaGreatAgain #MAGA #AmericaFirst #Trump2024 #BringBackTrump #KeepAmericaGreat #DrainTheSwamp #BuildTheWall #VoteTrump #FightForAmerica https://t.co/p2glbHGior"""
1872731032170185003,2280200954,2024-12-27T19:47:26.000Z,"""Close the borders, keep it in.  #BuildTheWall https://t.co/Bgxq0XSTq7"""
1872704122719289370,1857447958926495744,2024-12-27T18:00:30.000Z,"""""BIG QUESTION: If Trump is elected in 2024, should he IMMEDIATELY finish the border wall? ğŸ§±ğŸ‡ºğŸ‡¸   Reply YES or NO and tell us WHY!   Letâ€™s hear from the #MAGA family! ğŸ’¬   #Trump2024 #AmericaFirst #BuildTheWall"""""
1872691490021081123,1849419624645009408,2024-12-27T17:10:18.000Z,"""@DIPYOMUCH Excited for President-elect Donald Trump's efforts to secure our borders and put an end to illegal immigration! It's time we prioritize the safety and well-being of American citizens. #MAGA #BuildTheWall"""
1872672619444760831,1816991433292664832,2024-12-27T15:55:19.000Z,"""@realDonaldTrump This brings our hearts such JOY knowing AMERICA IS BACK!!!!  MERRY CHRISTMAS!!!!  #TRUMP3PEAT #MAGA #BUILDTHEWALL #DRAINTHESWAMP #LOCKPELOSIUP #MAHA"""
1872671199064670351,2637921016,2024-12-27T15:49:41.000Z,"""Welcome to America break our laws &amp; F**K us Please- says dumocratic progressives #BreakImmigrantionLawsGetDepirted #StopSanctuaryCities #WhosWho #StopTerrorism #GodBlessPresidentTrump #GodBlessAmericağŸ‡ºğŸ‡¸ #GodHelpAmericağŸ‡ºğŸ‡¸ #BuildTheWall #MassDeportations #RemoveTheSquadFromCongress https://t.co/EbHQNHhb4G"""
1872631662527599038,234542618,2024-12-27T13:12:34.000Z,"""Oh just you wait..  If you think @POTUS @JoeBiden 's 4 years in office were costly..WAIT FOR IT!  LIES 2016; âSecure BORDER FAILED â#BUILDTHEWALL FAILED âBALANCE THE BUDGET failed ğŸ•µğŸ¼ğŸ•µğŸ•µğŸ½ ğŸ’²Grocery bills will INCREASE  ğŸ’²Gas prices Will increase  All promises.. expect Failures"""
1872576171587854391,1594719641414373376,2024-12-27T09:32:04.000Z,"""@ByronDonalds @ByronDonalds , the U.S. IS NOT AT WAR!  Economy is stable after mishandling of deadly virus by previous administration.  The border issue was previous administration's FAILURE to #BuildtheWall and secure the border.    MAGA Republicans orchestrating chaos are anti-Americans."""
1872462053149184274,1216872552485789698,2024-12-27T01:58:36.000Z,"""See this is why Mexicans cannot be trusted #BuildTheWall https://t.co/taMG48mb2t"""
1872443405097480676,1806332280027181056,2024-12-27T00:44:30.000Z,"""Servers are normally on top of it, todayâ€™s server spoke barely any English and fucked up my order.   Canâ€™t wait for Trump to close the border and fix this state. #buildthewall"""
