1871343345370558797,100088418,2024-12-23T23:53:16.000Z,"""Did you know that empowering girls and women is an effective way to mitigate and adapt to climate change? https://t.co/IFDqk5K21t #equity #gender #climatechange #climatecrisis"""
1871342520145203612,30064358,2024-12-23T23:49:59.000Z,"""Happy New Year! In 2025 we will go to Africa for #HIVResearch, host a joint @GatesFoundation @GatesChallenges #vaccinology meeting, convene an inaugural #ClimateChange &amp; #InfectiousDisease meeting &amp; more‚Äîsee more &amp; organizer interviews in our Newsletter! https://t.co/dJrRs8V4c0"""
1871339704878297189,887287586,2024-12-23T23:38:48.000Z,"""From sweeping climate premises and themes to subtle moments, there were no hard rules for integrating #climatechange into storytelling in 2024. üåçüì∑Creatives are finding powerful ways to explore #climatestorytelling. Keep'em coming: https://t.co/TZrPtn5m6k"""
1871334677002481958,1840283306874585088,2024-12-23T23:18:49.000Z,""".HURRICANE IS A GROWING THREAT.Have you ever wondered what makes hurricanes so powerful and destructive?  #climate #hurricane #USA #Japan #CLIMATECHANGE #globalcrisis https://t.co/Gm56wqfB9N"""
1871332844716392869,590788952,2024-12-23T23:11:32.000Z,"""If we was doing nothing to mitigar #ClimateChange sooner or later #ClimateCatastrophe will arribe https://t.co/GTYBCeYXcw Earth on verge of five catastrophic #climate tipping points, scientists warn https://t.co/ngjl2Bhjn5"""
1871332641154519464,2492414263,2024-12-23T23:10:43.000Z,"""as a adult i will prob ignore common sense #climatechange fear that toward energy we have energy @RoyalFamily"""
1871330181463593000,15571195,2024-12-23T23:00:57.000Z,"""@TopherField They rebranded it to #climatechange coz that spin wasn't working no mo lol https://t.co/QKSBYfIgEf"""
1871329140470861946,820889258760114176,2024-12-23T22:56:49.000Z,"""The recent collapse of the Santa Cruz Wharf is a stark reminder of the urgent need to invest in resilient coastal infrastructure. Let's learn from this incident and take action to protect our communities from severe weather.#SantaCruzWharf #ClimateChange https://t.co/w9paRrPNet"""
1871327421510680744,1349494752270434306,2024-12-23T22:49:59.000Z,"""Marine #CDR (mCDR) projects are receiving attention for their potential to be a major player in the fight against #climatechange.  Read our latest blog to discover 4 #mCDR projects that could save the planet and hold the key to scalable #climate impact: https://t.co/2bMClNEn8p"""
1871324830445834439,40094447,2024-12-23T22:39:41.000Z,"""As species on our planet face extinction at an increasingly alarming rate, it turns out that the safest place for a biorepository might actually be the moon. Story by Selina Coxon. #climatechange #biorepository #themoon  https://t.co/dp36PlyiPX"""
1871323923864039663,1569813770,2024-12-23T22:36:05.000Z,"""Baby mammoth in Russia is the ‚Äòbest-preserved‚Äô ever found  Amazing. Found by Russian scientists because of #climatechange . Science  is politically agnostic.  https://t.co/0YczYZOHdL"""
1871320724025307194,228548829,2024-12-23T22:23:22.000Z,"""#ConsciousPlanet led by Sadhguru is a global effort as a #GenerationRestoration to #SaveSoil for #ClimateChange üåêhttps://t.co/zGT1mAewY1 In #7StepsTransformYourLife with Sadhguru through the online #InnerEngineering üåêhttps://t.co/1HWc24pmns @SadhguruJV @cpsavesoil @Keir_Starmer https://t.co/xNNfs6dxnr"""
1871320685764825527,228548829,2024-12-23T22:23:13.000Z,"""#ConsciousPlanet led by Sadhguru is a global effort as a #GenerationRestoration to #SaveSoil for #ClimateChange üåêhttps://t.co/zGT1mAewY1 In #7StepsTransformYourLife with Sadhguru through the online #InnerEngineering üåêhttps://t.co/1HWc24pmns @SadhguruJV @cpsavesoil @Keir_Starmer https://t.co/XODAsd6eXH"""
1871320578386473439,228548829,2024-12-23T22:22:47.000Z,"""#ConsciousPlanet led by Sadhguru is a global effort as a #GenerationRestoration to #SaveSoil for #ClimateChange üåêhttps://t.co/zGT1mAewY1 In #7StepsTransformYourLife with Sadhguru through the online #InnerEngineering üåêhttps://t.co/1HWc24pmns @SadhguruJV @cpsavesoil @Keir_Starmer https://t.co/MB2SAAd6yE"""
1871320535147368801,228548829,2024-12-23T22:22:37.000Z,"""#ConsciousPlanet led by Sadhguru is a global effort as a #GenerationRestoration to #SaveSoil for #ClimateChange üåêhttps://t.co/zGT1mAewY1 In #7StepsTransformYourLife with Sadhguru through the online #InnerEngineering üåêhttps://t.co/1HWc24pmns @SadhguruJV @cpsavesoil @Keir_Starmer https://t.co/JfGwOfNGVL"""
1871319341289119975,139531687,2024-12-23T22:17:53.000Z,"""'Ready to burn': Boxing Day fire and heat threats  https://t.co/7qGI835V4I  If it's flooded forget it! #Flood  #ClimateChange  #Qldpol  #Auspol"""
1871316044037689685,1850894803837255680,2024-12-23T22:04:46.000Z,"""""3 years after the Marshall Fire: Wildfire smoke‚Äôs health risks can linger long-term in homes that escape burning - Yahoo! Voices"" https://t.co/injQJsjVOy #News #Environment¬†#Sustainability #Wildfires¬†#Climate¬†#ClimateChange¬† #USDA #USA #Canada"""
1871316039218368746,1739573305932197888,2024-12-23T22:04:45.000Z,"""""3 years after the Marshall Fire: Wildfire smoke‚Äôs health risks can linger long-term in homes that escape burning - Yahoo! Voices"" https://t.co/JWpB5uEw2h #News #Environment¬†#Sustainability #Wildfires¬†#Climate¬†#ClimateChange¬† #USDA #USA #Canada"""
1871314843879244070,1288180873,2024-12-23T22:00:00.000Z,"""Archive: The stress of #climatechange is making people gasp for air. For those with existing lung conditions breathing will become even harder. @miamalan asked @caradeeyael why this is so. #HealthBeat https://t.co/GZ7uFPWkX9"""
1871314254764429781,1292546813430566913,2024-12-23T21:57:40.000Z,"""üå™Ô∏è Record-breaking disasters have become the new normal. What steps must we take to address this global challenge and safeguard humanity? The time to act is now. üåé  #ClimateChange #GlobalAction #Resilience #SustainableLiving #ClimateSolutions https://t.co/OWKqwlhVU6"""
1871313059383550194,1820040812618485760,2024-12-23T21:52:55.000Z,"""Climate change is more dangerous than we think. #ClimateChange #Change https://t.co/KmcScz027g"""
1871312322934833607,1349494752270434306,2024-12-23T21:49:59.000Z,"""üìà The health impacts of #climatechange has hit at an all-time high, exposing millions worldwide to extreme heat, food insecurity, and infectious disease risks: https://t.co/V68n4u2Gzn  The report highlights the need to prioritize health in #climateaction.  #socialcostofcarbon"""
1871308552251269278,1252685007996563456,2024-12-23T21:35:00.000Z,"""#ClimateChange alone cannot be blamed for the surge in wildfire activity. üí•üí•  https://t.co/TxOqAcWYuI"""
1871308536179011981,1640183069096415233,2024-12-23T21:34:56.000Z,"""In India its about volume. Govt should put a rule to use AC at not less than 24. Additional tax should be collected from house hold having more than 150 sq ft AC per 2 person. #GlobalWarming #climateChange"""
1871307207549338048,1640183069096415233,2024-12-23T21:29:40.000Z,"""using AC in December to feel comfy... never though this would happened.. climate change ...  i think  next year is gonna be worse. #GlobalWarming #climateChange"""
1871305706743505156,1412049410830200841,2024-12-23T21:23:42.000Z,"""@IEA Renewables are the backbone of a sustainable future!üåçüí° The #Renewables2024 report is a crucial guide to accelerating clean energy transitions.Together,let's harness wind,solar, renewable fuels to combat #climatechange &amp; secure #energy for generations to come! ‚òÄÔ∏èüå± #CleanEnergy"""
1871299133794832550,1613756371970711553,2024-12-23T20:57:35.000Z,"""Global breaking records, planetary discoveries, wake-up calls: a look back at 2024's Top 10 #climate news stories that are shaping our future.üì∞‚ú®üåé  Join the conversation with @Gil_Bashe: https://t.co/gFC0Mk8ERT  #ClimateChange #ClimateAction #Environment #PublicHealth #COP29"""
1871293695863251058,788464151622356992,2024-12-23T20:35:58.000Z,"""I just urged @ENERGY to use taxpayer dollars to combat #climatechange and the #plastic pollution crisis, not to bankroll a polluting plastic facility. Join me! TAKE ACTION via @CleanAirMoms #BeyondPlastics https://t.co/1e76NF4MGl"""
1871292207291867192,18243006,2024-12-23T20:30:03.000Z,"""""By acting boldly and collaboratively, #philanthropy can bridge divides and help build a sustainable and equitable future for all.‚Äù @ClimateWorks  #climatechange https://t.co/gywxZU1yLX"""
1871289720153526720,1096724430087208960,2024-12-23T20:20:10.000Z,"""The Green Steel Movement Is Building Up A Head Of Steam https://t.co/ughg91Q2Ng #Tesla #EV #ClimateChange #Renewables #RenewableEnergy"""
1871285083706953845,1096724430087208960,2024-12-23T20:01:45.000Z,"""VinFast Whistleblower Alleges Structural Flaws 'Could Cause Wheels To Come Off,' Gets Fired https://t.co/7CYu7BS3LD #ElectricVehicles #Tesla #EV #Renewables #ClimateChange #RenewableEnergy"""
1871284814155817293,1840590115468619776,2024-12-23T20:00:41.000Z,"""The global business landscape undergoes unprecedented change, driven by increasing regulatory pressure on sustainability issues.  #MundoEjecutivoTexas #MundoEjecutivoCDMX #Sustainability #Responsibility #CSRD #ClimateChange #Business  https://t.co/P1xq0j4Ov4"""
1871283980940841409,1348686002609651715,2024-12-23T19:57:22.000Z,"""Addressing Sindh University Convocation today, Chairman PPP @BBhuttoZardari termed #ClimateChange as the biggest problem of the world, adding it must prepare on war-footing to deal with climate change and expected floods to avert any catastrophe in future. https://t.co/Tl4bNqDhZk"""
1871283017169178918,1104798528159735808,2024-12-23T19:53:32.000Z,"""""We have to move to #regenerativefarming; embrace beautiful, life-affirming, compassionate solutions; regenerative solutions that bring back #wildlife, restore soil health, help to combat #climatechange. It will produce better, healthier food in ways that don‚Äôt cause cruelty."" üå± https://t.co/VmkTJjOOSN"""
1871278070562533705,1524883553682612239,2024-12-23T19:33:53.000Z,"""Repression of climate and environmental protest is intensifying across the world #Climatechange #Brazil #Terrorism https://t.co/T3cwsAXiTe"""
1871277093692014919,104277809,2024-12-23T19:30:00.000Z,"""UN World Court concludes landmark hearings on States‚Äô responsibility for #climatechange.   While @CIJ_ICJ advisory opinion will be non-binding, it is expected to shape the future of international climate law.  https://t.co/8MsBuN4SRq"""
1871277025639714969,1409785265497935875,2024-12-23T19:29:44.000Z,"""Had an incredible time at #DataDive2024 tackling the #ClimateChange challenge! Worked on analyzing compliance with #ParisAgreement targets and exploring ways to accelerate climate action using data from the @IEA Net Zero Emissions. Let's continue pushing for a sustainable future!"""
1871271861931098192,1349494752270434306,2024-12-23T19:09:13.000Z,"""Human-caused #climatechange has made Atlantic hurricanes about 18 mph stronger in the last six years: https://t.co/buXxnn02cY  For most #storms, the added impact from warmer oceans made the storms spike an entire #hurricane category.  #climatechange  #sustainability"""
1871270900030681391,1850894803837255680,2024-12-23T19:05:23.000Z,"""""Opinion: Removing dead trees after a severe wildfire is often right thing to do - Wilsonville Spokesman"" https://t.co/ryjZsf8iUG #News #Environment¬†#Sustainability #Wildfires¬†#Climate¬†#ClimateChange¬† #USDA #USA #Canada"""
1871270895848939883,1739573305932197888,2024-12-23T19:05:22.000Z,"""""Opinion: Removing dead trees after a severe wildfire is often right thing to do - Wilsonville Spokesman"" https://t.co/6BWAEzWpfg #News #Environment¬†#Sustainability #Wildfires¬†#Climate¬†#ClimateChange¬† #USDA #USA #Canada"""
1871270806095102316,43193355,2024-12-23T19:05:01.000Z,"""Biden's last-minute push for a 61-66% emissions cut by 2035 might not last long with Trump's return. #Biden #Trump #ClimateChange #Politics @JoeBiden @realDonaldTrump  Read more: https://t.co/sqEdrSqKgW"""
1871269960330420562,1827305736507891712,2024-12-23T19:01:39.000Z,"""üìà #Analysis of the causes of ongoing climate changes can be found here üëâ https://t.co/OKjQ8bqdpx‚Ä¶  #climate #ClimateAction #globalcrisis #ActNow  #climatechange #zelena #sstvi #Magdeburg #bbvipks3 #linglingkwong #thevoicegr #Salaar https://t.co/3hV6dOkTTl"""
1871269921474154649,817314182055993344,2024-12-23T19:01:30.000Z,"""According to the Global Climate Risk Index 2021, #India is the seventh-most vulnerable country to #climatechange &amp; in the absence of adaptation measures, extreme river floods &amp; coastal flooding threaten the communities: @BardhanArya &amp; Lavanya Balasubramani https://t.co/cS7Pf0w34F"""
1871269602463760858,14112296,2024-12-23T19:00:14.000Z,"""Introducing 'Climate Change'‚Äîthe paint color that's sparking conversations at Home Depot. What do you think?  üè† #HomeDepot #ClimateChange #HomeDepotPaint #InteriorDesign https://t.co/LMxSP2UT0R"""
1871269055471964335,1100491114338021376,2024-12-23T18:58:03.000Z,"""Officials discuss new measures to combat rising climate change concerns. Innovative solutions are in the works to protect our planet. #ClimateChange #Sustainability #GreenFuture"""
1871266135196291451,1096724430087208960,2024-12-23T18:46:27.000Z,"""Tesla‚Äôs CyberCab Can Be Driven With An Xbox-Like Controller: Report https://t.co/kGvxyfRmya #ElectricVehicles #Tesla #EV #Renewables #ClimateChange #RenewableEnergy"""
1871266130251379102,590788952,2024-12-23T18:46:26.000Z,"""#GlobalWarming is more than the increase of temperatures, it changes too much variables and #climate behavior isn‚Äôt linear https://t.co/MXvLP7IPeF #ClimateChange  Why ‚Äòjet-streak‚Äô winds will get faster as the climate warms https://t.co/R9UJKvnKwo"""
1871265440867234176,73683803,2024-12-23T18:43:42.000Z,"""Eating #meat ü•© and #dairy ü•õis jeopardising the earth's future says renowned #animalrights advocate Peter Singer. If you want to fight #climatechange üíöüå≥üôè be #vegan for the #animals üêµ ü¶è and planet üåè #Boycottmeat #Boycott4Wildlife  @palmoildetect https://t.co/SFSqIVM5Kp"""
1871265192929292487,3740047575,2024-12-23T18:42:43.000Z,"""üå¶Ô∏èüìä Allegations of fake data at the Met Office are causing a stir. Investigator Ray Sanders claims over 100 weather stations don‚Äôt exist. Read more about this unfolding story. #BrightonJournal #Brighton #ClimateChange #DataIntegrity   Read more üëáüëá https://t.co/Xs3m3Pfzu6"""
1871263196453154948,1818319830807662592,2024-12-23T18:34:47.000Z,"""@dumpsterrubbish @BGatesIsaPyscho Never use #climatechange approved search engines."""
1871263097564053514,1834447538922848256,2024-12-23T18:34:23.000Z,"""@WallStreetApes AIRDROP ALL of them incl the bleeding hearts w families into the sea #climatechange FRAUD vitiates all, ab initio STRIP citizenship of ALL FAKE refugees &amp; persecutions  STRIKE aid to all countries of these invaders"""
1871261270571139315,2946710071,2024-12-23T18:27:07.000Z,"""@NadaBotski3 @BGatesIsaPyscho Sorry wrong, try using a search engine: ""The 1980 eruption of Mount St. Helens released around 10 million tons of carbon dioxide (CO2) into the atmosphere in about nine hours. However, human activities emit roughly the same amount of CO2 in just 2.5 hours"" #climatechange"""
1871260885164945536,1096724430087208960,2024-12-23T18:25:36.000Z,"""CleanTechnica Car of the Year Nominees &amp; Voting ‚Äî Europe Edition https://t.co/vB5vaIWvgE #Tesla #EV #ClimateChange #Renewables #RenewableEnergy"""
1871260611352600912,1589365068478791687,2024-12-23T18:24:30.000Z,"""Pakistan People‚Äôs Party (@PPP_Org) Chairman @BBhuttoZardari expressed the need for immediate action in face of #climatechange, which is the ‚Äúbiggest problem‚Äù that future generations will have to deal with. @MediaCellPPP  https://t.co/A35F6OHgSD"""
1871259980873023706,733366621,2024-12-23T18:22:00.000Z,"""Warming oceans are reshaping marine habitats, with thousands of species facing new opportunities and threats üåä. Learn how #ClimateChange is impacting marine life and why every degree of warming matters  Read the full story ‚¨áÔ∏è  https://t.co/bruT6dDWzR  Via @physorg_com"""
1871254913579380918,31115515,2024-12-23T18:01:52.000Z,"""""The IPCC considers it extremely likely that at least half of post-1950 warming ‚Äì not that, say, 89 percent of it ‚Äì is anthropogenic.""    Wendy Parker's @CambridgeUP study, 'Climate Science' (2024),  is a dense read, but imo it's vital for anyone concerned about #ClimateChange."""
1871252370174394667,2843451077,2024-12-23T17:51:45.000Z,"""#ClimateCatastrophe is a good sumarize but we go to #ClimateCollapse https://t.co/p7biuHx9Zx #ClimateChange  State of the Climate: 2023 smashes records for surface temperature and ocean heat https://t.co/goO1DBrh2u"""
1871251852517585162,2843451077,2024-12-23T17:49:42.000Z,"""Rain patterns change when winds and temperatures change https://t.co/h9Ua1PjnIe #GlobalWarming #climatechange https://t.co/31hXlBaAbC"""
1871251664386347488,2843451077,2024-12-23T17:48:57.000Z,"""1,5 ¬∫C was a goal we cannot control https://t.co/SGt9gu2Qlp But greenhouse gas emissions do, and no kind of target was set #ClimateCatastrophe #ClimateCollapse #ClimateChange  https://t.co/WAfZh4BYe6"""
1871251556345278865,1424564803234942977,2024-12-23T17:48:31.000Z,"""#Gas Leaks Must Be Fixed By Utilities In New Proposed PHMSA Rule #news #environment #climatechange #energy #pollution   EJ Today Headlines: https://t.co/nnLS0bPsTv  @jeffbradynews , @NPR   https://t.co/ndkbg8Mbqr"""
1871251370734465068,1655913834874388481,2024-12-23T17:47:47.000Z,"""Disappearing White Christmas (1950-2020) #climatechange  (by u/a__square__peg)"""
1871251025585229885,2843451077,2024-12-23T17:46:25.000Z,"""Everywhere is or will be on fire because #climate has change and plants can‚Äôt live in their current land https://t.co/11TlcWCBmf #ClimateCrisis #ClimateChange #ClimateCatastrophe Almost 1,000 firefighters tackle ‚Äòmega-fire‚Äô in southern France https://t.co/omOJNKWFFS"""
1871250799516590273,2843451077,2024-12-23T17:45:31.000Z,"""The #ClimateCollapse is begining in front our eyes but we still about If we have or how we avoid #ClimateCatastrophe  Now it‚Äôs late to this debate https://t.co/uF2rQgjDDr #ClimateChange #ClimateCrisis  Earth's carbon dioxide levels hit record high https://t.co/sGuvITpDV6"""
1871250717043753469,797073577078095872,2024-12-23T17:45:11.000Z,"""Want to get ahead on next year‚Äôs studies?  Explore our student reading lists to jumpstart your learning! Explore research on #Law, #ClimateChange, #SocialPolicy, and more!  https://t.co/WUPB0NaocK"""
1871250571577176569,1706125688682770432,2024-12-23T17:44:37.000Z,"""Let HIM COOK üî• #skit #funny #climatechange https://t.co/tKxpuUHzfa via @YouTube"""
1871248953746100618,1424564803234942977,2024-12-23T17:38:11.000Z,"""WH Scientists Call For National Effort To Curb #Groundwater Depletion #news #environment #climatechange  EJ Today Headlines: https://t.co/nnLS0bPsTv   @ByIanJames, @latimes   https://t.co/xDn4ya7SkC"""
1871247027306156535,1096724430087208960,2024-12-23T17:30:32.000Z,"""Charging Microgrids: Progress for Electric Trucks, Challenges Remain https://t.co/68nMFjCWwC #Tesla #EV #ClimateChange #Renewables #RenewableEnergy"""
1871246763442811087,31073592,2024-12-23T17:29:29.000Z,"""üåü Excited to share our latest publication: ""Accelerated Wheat Breeding and Production in the Face of Climate Change: The Case of Morocco""  Dive into the findings here: https://t.co/8U5w8cAlwr  #ClimateChange #PlantBreeding #OpenAccess #Wheat #Morocco"""
1871241167729283431,1194559248,2024-12-23T17:07:15.000Z,"""Chairman PPP @BBhuttoZardari has emphasised the urgent need for action to combat #ClimateChange and prepare for potential floods during his address today at the Sindh University convocation.  https://t.co/mRXqFnqbEp"""
1871239972348674413,1194559248,2024-12-23T17:02:30.000Z,"""Addressing Sindh University Convocation today, Chairman PPP @BBhuttoZardari termed #ClimateChange as the biggest problem of the world, adding it must prepare on war-footing to deal with climate change and expected floods to avert any catastrophe in future. https://t.co/3c7TitboHw"""
1871239369136153067,238315997,2024-12-23T17:00:06.000Z,"""2025 Issue Preview: #ChesapeakeBay Restoration #MDcounties #Enviroment #ClimateChange https://t.co/wYS90CTZ0W"""
1871238745003049255,448669571,2024-12-23T16:57:37.000Z,"""Addressing Sindh University Convocation today, Chairman PPP @BBhuttoZardari termed #ClimateChange as the biggest problem of the world, adding it must prepare on war-footing to deal with climate change and expected floods to avert any catastrophe in future. https://t.co/vjYqQaEfA4"""
1871237691700125835,1368248288,2024-12-23T16:53:26.000Z,"""Samoan Prime Minister: Leaders Who Deny Climate Change Are ''Utterly Stupid''. Tuilaepa Sailele suggested that such skeptics should be taken to a mental institution. #climatechange #samoa 99 onlonanei 81"""
1871231826817118347,3035377582,2024-12-23T16:30:07.000Z,"""Narayana Murthy believes that there will be mass migrations to cities like Bengaluru and Pune in the future owing to climate change.   #NarayanaMurthy #Bengaluru #Pune #ClimateChange  https://t.co/oDlgWdjRAp"""
1871231590120239473,1635319047775559694,2024-12-23T16:29:11.000Z,"""‚úàÔ∏èÔ∏èAir traffic.  #ClimateChangeüò° https://t.co/wToXIT2naw"""
1871231513221804073,740816906,2024-12-23T16:28:53.000Z,"""""Homeowners in FL &amp; CA have been trying to reconcile their mortgage duration with dwindling insurance options. . . In a nation where long-term loans are the gateway to homeownership, #climatechange is rewriting assumptions about risk."" #ClimateMatters  https://t.co/8psUaGCq2k"""
1871230435696705749,590788952,2024-12-23T16:24:36.000Z,"""Water bad use and fatal beliefts https://t.co/TpQVS4pukM this is the real cause A combination of #ClimateChange and infrastructure is to blame for critical shipping delays at the Panama Canal. https://t.co/gFCB2H6VrK via @climate"""
1871230304968671673,470472472,2024-12-23T16:24:05.000Z,"""@ScottAdamsSays To learn the history behind left-wing #ClimateChange, read ""Climate-gate"" by Fred Pearce.  Great detail of leaked emails showing how the govt funded scientists who'd lose their grant funding if they don't spew official policy, used a clique to discard &amp; cancel any dissenters"""
1871229187077628092,1581305505980350464,2024-12-23T16:19:38.000Z,"""Tomorrow Weather: 7 Dangerous Surprises Await Be Safe https://t.co/4Cs5zBaClS #WeatherUpdate #WeatherForecast #WeatherNews #BengaluruWeather #InstaWeather #WeatherReport #ClimateChange #WeatherAlert #StormWatch #RainyDays #WeatherApp #CloudySkies #SunnyDays #SevereWeather"""
1871225938765336952,1850894803837255680,2024-12-23T16:06:44.000Z,"""""Removing dead trees after a severe wildfire is often right thing to do - Oregon Capital Chronicle"" https://t.co/OUFy8Ch7W8 #News #Environment¬†#Sustainability #Wildfires¬†#Climate¬†#ClimateChange¬† #USDA #USA #Canada"""
1871225929969913965,1739573305932197888,2024-12-23T16:06:42.000Z,"""""Removing dead trees after a severe wildfire is often right thing to do - Oregon Capital Chronicle"" https://t.co/HKk5tktji2 #News #Environment¬†#Sustainability #Wildfires¬†#Climate¬†#ClimateChange¬† #USDA #USA #Canada"""
1871225161820885394,1404913423071125504,2024-12-23T16:03:38.000Z,"""@TheGoatPage is under government of only global warming animals are heaven after completing #climatechange surviving beyond universe"""
1871225125766349164,64169878,2024-12-23T16:03:30.000Z,"""Ticks, respiratory illnesses, skin cancer and poorer mental health ‚Äòall on the rise due to climate change‚Äô  https://t.co/3tGX5BWqkB #climatechange"""
1871225081407381613,844151217005756416,2024-12-23T16:03:19.000Z,"""Britain: ""We‚Äôre climate leaders!"" üåç Also Britain: Leads the world in arresting climate activists (3x the global average). Instead of fixing the planet, they‚Äôre fixing handcuffs. üõë Read more: https://t.co/52G0jZdqv7 ‚Äî @Jamie_Watts94  #UK #Climate #ClimateChange #Activism‚Ä¶ https://t.co/Jh3SEW2umu"""
1871224802481991740,1096724430087208960,2024-12-23T16:02:13.000Z,"""2024 Mini Aceman: Is This The Electric Mini We Actually Want? https://t.co/h0XxOzgIer #ElectricVehicles #Tesla #EV #Renewables #ClimateChange #RenewableEnergy"""
1871224336297742363,22819917,2024-12-23T16:00:22.000Z,"""Did you know that the chocolate industry is fueling deforestation at an alarming rate, hitting the accelerator on #climatechange &amp; destroying habitat for pygmy #hippos like #MooDeng? üå≥ü¶õ Pledge to buy ethically-sourced #chocolate this #holiday season üç´: https://t.co/eI5Q9sHmQv"""
1871224255221776405,336133184,2024-12-23T16:00:02.000Z,"""Why Housing Is a Frontline Defense Against Climate Change  #BuildingMaterials #BuildingIndustry #HomeBuilding #ClimateChange https://t.co/cFuNtkTagx"""
1871222027081986199,709986828066144257,2024-12-23T15:51:11.000Z,"""#MondayMorning Reading: Opinion: ""Perhaps the most worrisome issue is flood management."" California's climate decisions today can address tomorrow's problems, but not all are being planned for. #ClimateChange https://t.co/Um0hkfbOJ4"""
1871220109424972226,1731081598353788928,2024-12-23T15:43:34.000Z,"""Insurers are pulling out of high-risk areas, is the government prepared to step in? #housing #climatechange #realestate"""
1871219320107270527,1096724430087208960,2024-12-23T15:40:26.000Z,"""Rivian Shows They Know How To Do National Park Charging https://t.co/m6RzdCmsgx #Tesla #EV #ClimateChange #Renewables #RenewableEnergy"""
1871218688344653956,590788952,2024-12-23T15:37:55.000Z,"""#GlobalWarming never stops or gets an hiatus https://t.co/B0nbVGjAAK #ClimateChange #ClimateCatastrophe #ClimateCollapse  Robust acceleration of Earth system heating observed over the past six decades https://t.co/d5ikDQAHzd"""
1871217249542910433,1096724430087208960,2024-12-23T15:32:12.000Z,"""Nio Budget Brand Firefly Unveils First EV And It Looks Familiar https://t.co/7KtMtS3iUV #ElectricVehicles #Tesla #EV #Renewables #ClimateChange #RenewableEnergy"""
1871216922500739460,1361113455617433601,2024-12-23T15:30:54.000Z,"""When you know you will destroy the planet by capturing CO2 you need a good coverup story - #ClimateChange. STOP this #ClimateScam @realDonaldTrump @RealAlexJones @zerohedge @elonmusk @VivekGRamaswamy @RobertKennedyJr @JDVance  @NOAA @EPA @TuckerCarlson"""
1871215759747088405,1096724430087208960,2024-12-23T15:26:17.000Z,"""Nissan-Honda Seek Merger Into 'Global Mobility Company' By 2026 https://t.co/VddYoee4kX #ElectricVehicles #Tesla #EV #Renewables #ClimateChange #RenewableEnergy"""
1871215264244883483,1844643160133156875,2024-12-23T15:24:19.000Z,"""@TheEconomist üåç Earth‚Äôs albedo is dropping, with less sunlight reflected due to reduced air pollution. üåû #ClimateChange"""
1871214504383848887,84640896,2024-12-23T15:21:17.000Z,"""#Bees #pollinate 70% of the #crops we eat. Without them, #food scarcity becomes a reality. What's killing them? #Pesticides, climate change, habitat loss. This is a problem that will reach every table. #BeeAware #SavePollinators #ClimateChange #HabitatLoss"""
1871214278717440456,1096724430087208960,2024-12-23T15:20:24.000Z,"""What The Cleantech Industry Can Learn From The Star Wars Holiday Special https://t.co/hM9MaIGiTh #Tesla #EV #ClimateChange #Renewables #RenewableEnergy"""
1871213639824536012,44904088,2024-12-23T15:17:51.000Z,"""My question is .... ""would our #ClimateCrisis issues been different had everyone listened to @AlGore?""  Article reads: ""#ClimateChange Is Making the World Darker.""  #Weather https://t.co/HQ0vnwmlLY"""
1871213087594070223,1834447538922848256,2024-12-23T15:15:40.000Z,"""@Alphafox78 We SHALL SHAKE out our stolen $$ STRIP all FRAUDS a/a refugees &amp; persecution to invade our countries w all TRAITORS-5th columnist aiding &amp; abetting w ALL family - AIRDROP to the sea #climatechange Let their 'countrymen' save them FINALLY STRIKE all Aid to them in Jesus name ‚ò¶Ô∏è"""
1871211755755434325,1096724430087208960,2024-12-23T15:10:22.000Z,"""The Back Road From El Paso to Phoenix Is Better Than I-10 For EVs https://t.co/xgiZS5hSR7 #Tesla #EV #ClimateChange #Renewables #RenewableEnergy"""
1871211138899161281,831740758294147072,2024-12-23T15:07:55.000Z,"""Dozens of luxury condos and hotels in Florida are sinking, study finds #Oceans #Climatechange #Realestate https://t.co/StSaQHrO9m"""
1871210408335274311,40797449,2024-12-23T15:05:01.000Z,"""Colorado Front Range is going to run out of water, the aquifer relied upon is going to dry up https://t.co/s3wdIK2WTG  #Drought #ClimateChange #SaveOurEarth @RecreationLaw #RecLaw #RecreationLaw"""
1871210178407751969,219852456,2024-12-23T15:04:06.000Z,"""A 70 gigawat wind and solar generating complex is to be constructed in Western Australia, equaling the country‚Äôs entire grid. Is it odd that it should be used to produce green hydrogen? #renewableenergy #climatechange https://t.co/POfCtMw4wl"""
1871209186219995435,1386571328912830467,2024-12-23T15:00:10.000Z,""". eat seasonal #food save money &amp; the planet   via @bbcgoodfood   https://t.co/f8MGSv0YwZ  #April #ClimateAction #ClimateChange #health"""
1871209147003285701,1363154316,2024-12-23T15:00:00.000Z,"""@SDGE CEO Caroline Winn is fighting #ClimateChange while providing residents safe and reliable #energy.  #theceomagazine #inspiringthebusinessworld #leadership #sdge #northamerica  https://t.co/IeD4sbEoPm"""
1871205054323327314,1834447538922848256,2024-12-23T14:43:44.000Z,"""@Basil_TGMD Indeed I notice this year TOTAL LACK of CHIRISTMAS &amp; CHRIST but the politician public servant FRAUDS &amp; TRAITORS love your $$$$ Shake out OUR $$$ from each  STRIP all roles &amp; pensions  STRKE citizenship of all refugees &amp; persecuted AIRDROP to sea for #climatechange"""
1871202571169251691,3286873520,2024-12-23T14:33:52.000Z,"""@GlenVoitlein @Pismo_B @RealSeq16 @JohnKerry Wow, that's a concerning prediction. We must take immediate action to prevent the loss of Arctic ice. Our planet's future depends on it. #ClimateChange #SaveTheArctic"""
1871202049888759955,775768062666563585,2024-12-23T14:31:48.000Z,"""JJFH Event Update For 2024-12-21 https://t.co/lUiK3PFcgh #Environment #ClimateChange #Methane #H2S #Fires #Explosions #Coast #Death #Flooding #Arctic #Heatwave #DryOrDie https://t.co/ZG2TvbVgBg"""
1871201611302748478,1867459778131202048,2024-12-23T14:30:04.000Z,"""üëÅÔ∏è What if... global warming isn't just about CO2 emissions? Think about it, tech companies are thriving while the Earth is dying. Could our digital world be overheating our physical one? üåçüî•üíªüî• #ClimateChange #DigitalDestruction #ConspiracyTheory #WakeUpWorld"""
1871197781358170467,66509482,2024-12-23T14:14:50.000Z,"""As we approach 2025, here are some of the popular #infographics we created this year https://t.co/K6hW6Yr1tI #EnergyTransition #Commodities #CBAM #ClimateChange #Metals #OOTT #ONGT #OPEC"""
1871195553310147012,3145233080,2024-12-23T14:05:59.000Z,"""Windsor-Essex is losing out on 14 below-zero #winter days as a result of #climatechange. That‚Äôs according to a new analysis by @ClimateCentral, a climate research and communications non-profit. Here‚Äôs the impact of it: https://t.co/HBNlxfyLMM"""
1871195305091399962,180748385,2024-12-23T14:05:00.000Z,"""#COP29‚Äôs climate finance deal, falling short of the $1 trillion demand, reveals the lack of global cooperation on #climatechange. Developing nations call for public funding, but high-interest #loans are not the answer: @vikrom_mathur https://t.co/DJEp0oQWZ0"""
1871194188135514312,1694343007255064576,2024-12-23T14:00:34.000Z,"""If fossil fuel vehicles aren't abolished by next year, We the #ClimateStrike people will be forced to peacefully incinerate them during our strikes.  #ClimateCrisis #ClimateChange"""
1871194057394790562,2527904352,2024-12-23T14:00:03.000Z,"""10 Ways #Food Policy Shapes #ClimateChange and Sustainable Solutions https://t.co/zGdeh7eVcf via @OneGreenPlanet"""
1871193674492580052,378599199,2024-12-23T13:58:31.000Z,"""Palma will not fine for the Low Emission Zone in 2025 #ClimateChange #LowEmissionsZones #Majorca #Mallorca #MallorcaPollution #Palma #TrafficCongestion https://t.co/KoGN34F7VP"""
1871191175119749507,1337459482972942337,2024-12-23T13:48:35.000Z,"""Reducing Methane From Food Waste is a Climate Solution That Can Make a Difference Now #FoodWaste #ClimateChange  ""We need another way to keep inedible, non-compostable food waste out of landfills and process it without emitting methane..."" https://t.co/raiNzydidB"""
1871189658631311375,1512299873000853506,2024-12-23T13:42:34.000Z,"""Infosys co-founder Narayana Murthy has called for collective action to tackle the crisis of climate change in urban and rural landscapes.  Read more: https://t.co/d59zcQBv5S  #ClimateChange #NarayanMurthy #Infosys #ClimateCrisis #OutlookPlanet"""
1871186428148793365,2456090006,2024-12-23T13:29:44.000Z,"""Growing up on Guam, Julian Aguon saw the law used against #IndigenousPeoples. Now he's fighting back. #ClimateChange https://t.co/Wfh5Xy2Q1F"""
1871183925848252547,1512299873000853506,2024-12-23T13:19:47.000Z,"""Infosys co-founder Narayana Murthy has called for collective action to tackle the crisis of climate change in urban and rural landscapes.  Read more: https://t.co/d59zcQBv5S  #ClimateChange #NarayanMurthy #Infosys #ClimateCrisis"""
1871183378692952295,874928007865139201,2024-12-23T13:17:37.000Z,"""Read the complete story here:  https://t.co/4cEvPxB79t   #SustainableCities #UrbanDevelopment #GlobalLiveabilityIndex #ClimateChange #Smog #AirPollution"""
1871183224468091331,25415043,2024-12-23T13:17:00.000Z,"""#climatechange - ingredients in peril  https://t.co/U9VMo2ysr3"""
1871182721743274292,1815625348748349440,2024-12-23T13:15:00.000Z,"""How #NYC is responding to #climatechange‚Äì@GlobeStcom covered my conversation with @NYCMayorsOffice Chief Climate Officer @Rit_Aggarwala , @NYCEDC CEO Andrew Kimball, @Gov_Island CEO Clare Newman, @NYSERDA CEO @Doreen_M_Harris https://t.co/rQdNt4CJyk"""
1871181266965692781,1850894803837255680,2024-12-23T13:09:13.000Z,"""""Top Stories of 2024: The largest wildfire in state history - KRLD"" https://t.co/TmAJCNHsy6 #News #Environment¬†#Sustainability #Wildfires¬†#Climate¬†#ClimateChange¬† #USDA #USA #Canada"""
1871181246229061743,1739573305932197888,2024-12-23T13:09:08.000Z,"""""Top Stories of 2024: The largest wildfire in state history - KRLD"" https://t.co/0hYhd1rCtO #News #Environment¬†#Sustainability #Wildfires¬†#Climate¬†#ClimateChange¬† #USDA #USA #Canada"""
1871179387426537893,259873788,2024-12-23T13:01:45.000Z,"""New Post! EcoMadres Newsletter: End of Year 2024 #ClimateChange https://t.co/hjbci7Elxg"""
1871175389911134361,1069597347670310913,2024-12-23T12:45:52.000Z,"""An interesting conversation on #ClimateChange and #GlobalWarming https://t.co/3VqR8WcBLs"""
1871171618703102015,75914210,2024-12-23T12:30:53.000Z,"""Guiding students' curiosity about #ClimateChange is in our collective best interest. We must eliminate disinformation and ensure students have access to factual, evidence-based information."""
1871166430340911584,1727169682330013696,2024-12-23T12:10:16.000Z,"""Wells Fargo has joined the list of recent high-profile group withdrawals by formally leaving the Net-Zero Banking Alliance (NZBA).  #NetZero #Sustainability #ClimateChange   https://t.co/7FkMQWikUf"""
1871163850093166644,817314182055993344,2024-12-23T12:00:01.000Z,"""According to the Global Climate Risk Index 2021, #India is the seventh-most vulnerable country to #climatechange &amp; in the absence of adaptation measures, extreme river floods &amp; coastal flooding threaten the communities: @BardhanArya &amp; Lavanya Balasubramani https://t.co/cS7Pf0wAUd"""
1871163847610077334,59142515,2024-12-23T12:00:00.000Z,"""Reading is renowned for its world-class research in #ClimateChange and its impacts on the environment and society.  Here we present 2024‚Äôs top three most-read articles on @ConversationUK from Reading academics working on environmental research.   Find out more @UniRdg_Research"""
1871162998871806032,1521656612276289537,2024-12-23T11:56:38.000Z,"""https://t.co/mirfzrZE0S is promoting waste management services aimed at sustainability for businesses in 2025, highlighting the importance of recycling and waste control technologies. #wastetech #environmental #scrap #Biotech #climatechange"""
1871162949035065784,1769672175236116482,2024-12-23T11:56:26.000Z,"""Infosys Founder Warns of Climate Change-Induced Mass Exodus to Major Indian Cities  https://t.co/sWwp0WFSL7  #Infosys #ClimateChange #MassExodus #IndianCities #Sustainability #EnvironmentalImpact #UrbanMigration #ClimateCrisis #FutureOfCities #TechForGood #GreenInitiatives‚Ä¶ https://t.co/mfBhItJadt"""
1871159632254890046,256532293,2024-12-23T11:43:15.000Z,"""Major report joins dots between world's nature challenges #ClimateChange #biodiversity #FoodSecurity #WaterSecurity #Health @IPBES @UK_CEH @UNFCCC https://t.co/iXfhdNqqNj"""
1871155933071475169,1521656612276289537,2024-12-23T11:28:33.000Z,"""Let us help your business thrive in 2025  #wastecontrol  #sustainability #recycle #scrap #biodegradable #waste #scraprecycling #climatechange #wastetechnology #hazardous #pollutants #chemicals"""
1871155304668524944,185953291,2024-12-23T11:26:03.000Z,"""Are UFOs connected to this extinction-causing event that has with metronomic regularity faced humanity in the past?  We are currently living through a mass extinction.  #extinction #ClimateChange #UAP #UFO #Pyrocene #ClimateCrisis #Flooding #Antarctica #science https://t.co/sjkCgei0KO"""
1871153277233967574,2794424134,2024-12-23T11:18:00.000Z,"""üö®How international collaboration can advance development goals at COP29  New blog by Marta Koch; explores the critical role of global partnerships in addressing development goals while ensuring the inclusion of those most affected by #climatechange. https://t.co/ASc2pd1JW6"""
1871152408400933189,2843451077,2024-12-23T11:14:33.000Z,"""Temperature drives life and they underestimate its danger https://t.co/kwclTMuaFk #ClimateCatastrophe #ClimateChange #GlobalWarming  How close are we to the temperature tipping point of the terrestrial biosphere? | Science Advances https://t.co/EhEyyjGYTj"""
1871152286526816667,2843451077,2024-12-23T11:14:04.000Z,"""Temperature is an underestimated danger https://t.co/kwclTMtCPM #ClimateCatastrophe #GlobalWarming #ClimateChange  Global food production at risk as rising temperatures threaten farmers' physical ability to work, new study finds https://t.co/BsBqQ5aG2e"""
1871152235276599308,1600070413815631872,2024-12-23T11:13:51.000Z,"""@its_The_Dr The biggest threats to civilization are #Morons that preach #ClimateChange and those that would succumb to that level of ignorance."""
1871151968514720188,1600070413815631872,2024-12-23T11:12:48.000Z,"""@wideawake_media Yes !  The hoax of @BillGates and #ClimateChange are the biggest threat to civilization.  If civilization becomes stupid enough to believe in either of these, it is bound to disappear."""
1871151046556619216,752132234681917440,2024-12-23T11:09:08.000Z,"""#ncpol #climatechange ""Our analysis demonstrates how outdated infrastructure and expanding development in high-risk areas amplify the impacts of extreme weather events"" https://t.co/Y9RdcosokP"""
1871150760685117926,1762181701491462145,2024-12-23T11:08:00.000Z,"""The Reality of #Climate #Change Denial: Debunking Myths and Misinformation https://t.co/jhczxLhFRP #cold #climatechange #weather #hot"""
1871149963746431427,326720687,2024-12-23T11:04:50.000Z,"""Informative brochure about the unified framework for calculating #GHG emissions in the #hydrogen supply chain. Use of @isostandards like ISO/TS 19870 is fundamental for developing a global market for #lowcarbon hydrogen as part of the #energytransition to tackle #climatechange. https://t.co/blNFqI0ipf"""
1871148757510717821,1374460939202748416,2024-12-23T11:00:02.000Z,"""#Climatechange is fueling child marriage on #indonesia's northern Javanese coast. Dwindling fish stocks &amp; economic hardships push families to see early marriage as survival. #ClimateCrisis #ChildMarriage https://t.co/eBUBgbPQjV"""
1871148756604965211,1288180873,2024-12-23T11:00:02.000Z,"""#Diabetes is the leading cause of death among SA women. What‚Äôs going to happen as #climatechange causes more floods and heat waves? Find out. https://t.co/L2JociSDgc"""
1871144361377095695,461561879,2024-12-23T10:42:34.000Z,"""'It is now high time for the largest emitters and wealthier nations to take decisive action to reduce emissions and to support nations that are in need': @manjeetdhakal  tells @SouthAsiaTimeUK @LDCChairUNFCCC   #climatechange https://t.co/s75tmGd21z"""
1871144322542043542,34588621,2024-12-23T10:42:25.000Z,"""@GBNEWS @ProfKlausSchwab   @NATO used as a Hitler Political toy are useless where was #Russia #China and #Iran you did this through fake #ClimateChange #cop26   #FuckAI AI didn't do this we were lambs to the slaughter     WWII - THE COMPLETE HiSTORY - Documentary  https://t.co/jHXyrA9D5J"""
1871144287477649649,1106829340103360512,2024-12-23T10:42:16.000Z,"""'Over 99% scientist agree that #climatechange is happening and it is due to human greenhouse gas emissions'  This claim is  fraudulent (like so much of NZ  propaganda) because it excluded a large minority of scientists that have no view either way https://t.co/RcRdtFncOv"""
1871144048549040375,1106829340103360512,2024-12-23T10:41:20.000Z,"""@ProfMarkMaslin 'Over 99% scientist agree that #climatechange is happening and it is due to human greenhouse gas emissions' This claim is  fraudulent (like so much of NZ  propaganda) because it excluded a large minority of scientists that have no view either way"""
1871143331620888990,490214473,2024-12-23T10:38:29.000Z,"""Narayana Murthy warns of climate change-driven migration to Bengaluru, Pune #NarayanaMurthy #ClimateChange #MassMigration #Bengaluru #Pune #Hyderabad #SustainableLiving #EnvironmentalConcerns #IndianCities #UrbanOverpopulation #ClimateAction   https://t.co/Iv6P4c7iXA"""
1871142458215542807,1136294664,2024-12-23T10:35:00.000Z,"""Green technology transfers can help spur the adoption of cleaner innovations and production processes around the world, but they are systematically blocked by an intellectual property rights regime in the WTO or trade deals that doesn't recognize #ClimateChange as a threat https://t.co/6sA52oEwnG"""
1871139746086527167,52697652,2024-12-23T10:24:14.000Z,"""Getting our spades ready for 2025 UK #treeplanting in school/nature reserves- still time to pledge trees on-line for a more #sustainable gift  https://t.co/6eoX74hfRS - downloadable certificate #reforestation #climatechange #ChristmasGift https://t.co/2EO0Kq0cvR"""
1871139509548839276,1220291977067089922,2024-12-23T10:23:17.000Z,"""Guest post: Collaboration drove progress at COP29. Let‚Äôs keep up the momentum  By: Mike Hayes, Climate Change and Decarbonization Leader @KPMG   https://t.co/EgfU2Aeh0v  #climateaction #climatechange #sustainablefinance #climatefinance #decarbonization"""
1871138352084484106,143721870,2024-12-23T10:18:41.000Z,"""A significant move towards decolonizing #ClimateChange education and championing locally-led adaptations to tackle climate-related challenges. https://t.co/rgtDDa7uiV"""
1871138281628610727,971672340093267968,2024-12-23T10:18:25.000Z,"""Intense Heat To Deadly Landslides &amp; Forest Fires: The Many Ways Climate Change Hit India Hard In 2024 https://t.co/TzEUADOkKL  #climate, #climatechange, #climatecrisis, #climaterisk, #environment, #forest, #globalwarming, #gngagritech, #greenstories, #ocean, #rainfall, #weather"""
1871137863716184287,558788895,2024-12-23T10:16:45.000Z,"""In his Christmas message President Higgins reiterates üáÆüá™'s support for #UN &amp; #SDGs . The President emphasises our shared goals of eradicating global #poverty &amp; #hunger, responding to the #climatechange consequences and finding #responsible and #sustainable ways to live together. https://t.co/1tObpMZoqi"""
1871137702760034334,971672340093267968,2024-12-23T10:16:07.000Z,"""Climate Change and the New Nationalism: Bharat‚Äôs vision for a cleaner future https://t.co/ISQEhPNd6W  #climate, #climateaction, #climatechange, #climatecrises, #climaterisk, #COP29, #getgreengetgrowing, #globalclimateaction, #gngagritech, #greenstories, #renewableenergy, #solar"""
1871135322882384193,1096724430087208960,2024-12-23T10:06:39.000Z,"""Polestar 2 After 100,000 Miles: Owner Reveals Battery Degradation, Maintenance Issues https://t.co/XHN2Yojp2F #ElectricVehicles #Tesla #EV #Renewables #ClimateChange #RenewableEnergy"""
1871134605572816968,1850894803837255680,2024-12-23T10:03:48.000Z,"""""Wildfire danger zone expanded, wood shake roofs prohibited county-wide - Jackson Hole News&amp;Guide"" https://t.co/KVfyjj3RhY #News #Environment¬†#Sustainability #Wildfires¬†#Climate¬†#ClimateChange¬† #USDA #USA #Canada"""
1871134581770084437,1739573305932197888,2024-12-23T10:03:42.000Z,"""""Wildfire danger zone expanded, wood shake roofs prohibited county-wide - Jackson Hole News&amp;Guide"" https://t.co/OIwnIFLaux #News #Environment¬†#Sustainability #Wildfires¬†#Climate¬†#ClimateChange¬† #USDA #USA #Canada"""
1871133659891105914,1374460939202748416,2024-12-23T10:00:03.000Z,"""56M years ago, a massive #carbon release changed #ocean chemistry. A new study by Chinese &amp; U.S. scientists in @NatureGeosci offers key insights for today's #climate challenges. #ClimateChange #OceanScience #CarbonCycle https://t.co/42j8SGw6Us"""
1871133519352934605,971672340093267968,2024-12-23T09:59:29.000Z,"""2024 was a reminder that climate change impacts us more than we think https://t.co/trpZfP1QCy  #climate, #climatechange, #climatecrisis, #climaterisk, #environment, #floods, #getgreengetgrowing, #globalwarming, #gngagritech, #greenstories, #weather, #wildfires"""
1871133469956301091,1614931486553128961,2024-12-23T09:59:17.000Z,"""2040 (2019): Australian actor turned filmmaker, Damon Gameau presents this optimistic and constructive manifesto for combating #climatechange, addressing it to his four-year-old daughter   ‚ñ∂Ô∏èhttps://t.co/5yIG1bAZoT"""
1871131675133899226,1174622914693488640,2024-12-23T09:52:09.000Z,"""New publication from @_SLU: Health-Promoting Nature-Based Paradigms in Urban Planning https://t.co/yYHdTW6IGV #landscapearchitecture #biophilicdesign #restorativeenvironments #smartcities #climatechange #attentionrestoration #stressreduction"""
1871130665347105249,21174989,2024-12-23T09:48:09.000Z,"""This is a picture of #ClimateChange. Look closely and imagine your future. How would you live here? Where would you go without food or home? We know what causes it and what prevents it. What we don't know is how to turn around  #Denialism# https://t.co/CZoMSVlG3u"""
1871129873550336305,1481200147950637058,2024-12-23T09:45:00.000Z,"""Challenges like #climatechange and industrial agriculture threaten agrobiodiversity. Empowering #women and training farmers can lead to transformative change: Kritika Banerjee, @shoba_suri, Godlove Nderingo, @DrSureshMotwani &amp; @prashantpastore: https://t.co/vDVlbcJ7cY"""
1871129665659981973,1737082238322245632,2024-12-23T09:44:10.000Z,"""üåç The Business Icon Narayana Murthy warns about ‚ÄúMass Migration‚Äù to cities like Bangalore, Hyderabad, &amp; Pune due to the looming impacts of climate change.  üö® Are we prepared for this challenge? #ClimateChange #MassMigration #NarayanaMurthy   Read more: https://t.co/kxIZBAwcGv"""
1871127996947652666,2412550704,2024-12-23T09:37:33.000Z,"""COP 29 Paradox: If fossil fuel is abandoned, some countries may sink into poverty, but if it continues the world could sink under climate disasters, says Dr Jasdev Singh Rai  #COP29 #ClimateChange #FossilFuel #Environment #CarbonFootprint #ClimateParadox https://t.co/Y4kZO8apyZ"""
1871127133365670043,1450689273489805313,2024-12-23T09:34:07.000Z,"""@AustralianLabor is #purposefully #destroying @Australia in the name of #climatechange. @AustralianLabor is a #immoral party https://t.co/wXoMpIEjU3"""
1871125524673958104,1233393321503944710,2024-12-23T09:27:43.000Z,"""CLIMATE CHANGE ADAPTATION COSTS AND PROSPECTS IN THE DEVELOPED WORLD : INCORPORATING CLIMATE CHANGE INTO LONG TERM POLICIES¬† ¬† Read More: ¬†https://t.co/KFfORnJJ5m ¬† #ClimateAction #climatechange #ClimateCrisis #cop26 #ClimateDisplacement #environmentaljustice¬† #ENVIOS #ActNow"""
1871125446022091071,1431611787728797700,2024-12-23T09:27:24.000Z,"""Honored to be the Kenyan winner of #CoMSSA's photo competition! Grateful to share stories of #ClimateChange and #Hope through my lens. Here's to more #ClimateResilience across Africa! üì∏üåç"" https://t.co/pIEPFQCD0K"""
1871122324587434249,1373651364178497537,2024-12-23T09:15:00.000Z,"""üåÑ Researchers from our Elevation-Dependent #ClimateChange Working Group have proposed a new standardised protocol for making #climate &amp; #MeteorologicalObservations across elevational gradients in #OurChangingMountains.  #EO4Mountains #EO4Impact ‚¨áÔ∏è https://t.co/XkJFWuMu4J"""
1871117638916850079,105111921,2024-12-23T08:56:23.000Z,"""Akshvi's  #real-time data #collection helps decision-making. It has tech-enabled #compensation transfers via an e-wallet feature. It addresses the ability to self-report! #seedsturns30  #D4GX2024IndiaEmpowermentChallenge #Climatechange #Sustainable https://t.co/zFr5ZvKdG6"""
1871117038367674517,1626198545664704512,2024-12-23T08:54:00.000Z,"""üåé Global Forest Trends: üîπ Europe‚Äôs forest area grows by 0.3% yearly. üîπ Asia-Pacific leads in afforestation projects. üîπ Deforestation costs $4.5T annually in lost ecosystem services. #Forests #Sustainability #ClimateChange"""
1871116535269405080,141080858,2024-12-23T08:52:00.000Z,"""#OPINION | If our fundamental understanding of urban infrastructure remains as it is today, I shudder to imagine the dystopian landscape that children of that era will assume to be ‚Äònatural‚Äô: Pinaki Roy  #ClimateChange #Trees #LutyensDelhi #ClimateCrisis  https://t.co/hWULfvqinV"""
1871111028081078328,1264581173495332870,2024-12-23T08:30:07.000Z,"""üåç Climate change is amplifying extreme weather events, impacting millions globally. üå™Ô∏è From hurricanes to heatwaves, understanding these changes is crucial. Educate yourself on how to reduce your carbon footprint and support sustainability. #ClimateChange #Sustainability"""
1871110732764635282,2843451077,2024-12-23T08:28:56.000Z,"""Good but we must down bellow XIX centiry, and do it now https://t.co/SUpwRIZ6aQ #ClimateChange  UK electricity from #FossilFuels drops to lowest level since 1957 https://t.co/mQk2fjT2A5"""
1871109442353389651,1429848991718514689,2024-12-23T08:23:49.000Z,"""@CSEINDIA 6/ üöÄ Action Needed  Wealthy nations to lead tech sharing &amp; decarbonization.  Green energy transition in transport &amp; infra. Water management = key to sustainability!  #ClimateChange #WaterCrisis #Sustainability"""
1871108920191615078,1096724430087208960,2024-12-23T08:21:44.000Z,"""The 2025 Subaru Solterra Got A Big Price Cut https://t.co/NTom6kk2eR #ElectricVehicles #Tesla #EV #Renewables #ClimateChange #RenewableEnergy"""
1871107824237072622,2843451077,2024-12-23T08:17:23.000Z,"""#GlobalWarming is unstoppable https://t.co/SGt9gu2Qlp #ClimateCatastrophe #ClimateCollapse #ClimateCrisis #ClimateChange  Where Is the Winter Snow in the Himalayas? https://t.co/jSoi9EksN3"""
1871106667318055141,94639343,2024-12-23T08:12:47.000Z,"""Two Graphs That Explain Why California‚Äôs Wildfires Will Only Get Worse. By Molly Taft The deadly wildfires ripping through Northern California are just the latest in a season of record-defying #CaliforniaWildfires #ClimateChange"""
1871106243357544900,2843451077,2024-12-23T08:11:06.000Z,"""If we can do it, it doesn‚Äôt mesn that is possible https://t.co/dpgvjZ9sOq succesful things run alone #ClimateChange  Concrete tunnels and permafrost: How Sweden is future-proofing skiing https://t.co/PX2BojJIsi via @bbc_travel"""
1871105464299143597,1048783303434690560,2024-12-23T08:08:00.000Z,"""The key question being how to channel funds to places controlled by groups climate finance donors are uncomfortable with.   #ClimateChange #Humanitarian   https://t.co/jFG7XyyxEy"""
1871105065546854768,1083811169520046082,2024-12-23T08:06:25.000Z,"""#Climatechange ‚õàÔ∏è and #deforestation üî•üî• in #Indonesia üáÆüá© is being driven to a point of no return say experts, citing massive #forest loss for #palmoil üå¥‚õîÔ∏è and #nickel #mining. Take action when you #BoycottPalmOil #Boycott4Wildlife @palmoildetect https://t.co/RwPVXDIZ1L"""
1871103634689208801,1541159965,2024-12-23T08:00:44.000Z,"""Which firms are impacting climate change risk - @ChainviewUS, @pachamainc, @Digishape, #KettleInsurance,#Raincoat https://t.co/GlXOpziphd #ClimateChange #Risk"""
1871103448772460709,1374460939202748416,2024-12-23T08:00:00.000Z,"""Over 1/3 of Earth's animals rely on plants for food, but #climatechange is altering their #nutrition. Rising #CO2 &amp; temperatures make plants grow faster‚Äîbut w/ less nutrients. This impacts beetles, cows, elephants &amp; more.  #biodiversity  https://t.co/fQALMccuSt"""
1871100381000057152,1675837116121767938,2024-12-23T07:47:48.000Z,"""@zeee_media #bovaer has to fall into this as well given the underhanded implementation under the guise of #climatechange üòÇ with everyone referencing other countries that approved when like covid it‚Äôs a chicken &amp; egg with no actual testing"""
1871096764968874172,470299753,2024-12-23T07:33:26.000Z,"""#PioneerOpinion: As the world grapples with the escalating impacts of #climatechange, the wisdom of indigenous communities shines as a vital resource for environmental preservation. #environmental #IndigenousCommunities #COP2024 #GuardiansOfNature https://t.co/OLHVUUqSIw"""
1871095471747600664,1659529720764170240,2024-12-23T07:28:18.000Z,"""Experience #Climatechange with enhanced coverage that goes beyond the limitations of reported data.    Read more: https://t.co/AEMwUX34YY #climatechange #climate #esg #inrate #investment #reporting #transparency #business #finance #sustainability #switzerland #pr #news"""
1871093464231711190,1574998807321911298,2024-12-23T07:20:19.000Z,"""@PCarterClimate Thank you for information #climatechange."""
1871090188359012362,1850894803837255680,2024-12-23T07:07:18.000Z,"""""Connolly revives bill on wildfire defenses, insurance breaks - Marin Independent Journal"" https://t.co/b5lFKAPbIj #News #Environment¬†#Sustainability #Wildfires¬†#Climate¬†#ClimateChange¬† #USDA #USA #Canada"""
1871090178779214143,1739573305932197888,2024-12-23T07:07:16.000Z,"""""Connolly revives bill on wildfire defenses, insurance breaks - Marin Independent Journal"" https://t.co/TEN56z9RlZ #News #Environment¬†#Sustainability #Wildfires¬†#Climate¬†#ClimateChange¬† #USDA #USA #Canada"""
1871089444528259304,767759394079698944,2024-12-23T07:04:21.000Z,"""üì∑ We‚Äôre inspiring #ClimateResilience through a lens!  This year, #CoMSSA's photo comp celebrated sub-Saharan African stories of #ClimateChange and #Hope. Congrats to the three winners from Mauritania, Kenya and South Africa!   üîóLearn more here: https://t.co/00uaseWv09 https://t.co/dLz3CCtFtT"""
1871084544545423658,1868429519356338176,2024-12-23T06:44:53.000Z,"""@pmagn If Australia can be this upfront about their carbon credit system, why can't Canada? ü§î Time for more transparency on how our offsets actually work. #climatechange #carboncredits"""
1871083849041735801,1813163681334644736,2024-12-23T06:42:07.000Z,"""Experience #ClimateDataSolutions with enhanced coverage that goes beyond the limitations of reported data.  Read more: https://t.co/wQWuiZ3iGg  #climatechange #climatedata"""
1871082712666185979,1150829232974696449,2024-12-23T06:37:36.000Z,"""This year, approximately KZT 175bn ($333.3mn) has been allocated to the agricultural sector of Kazakhstan's Kostanay region, marking a 1.7-fold increase from last year. #Kazakhstan #Agriculture #ClimateChange https://t.co/kbWhyGSJ45"""
1871076734868824450,91608548,2024-12-23T06:13:51.000Z,"""Why CSRD Standards Are Under Fire From Environmental Groups!  https://t.co/uv1utGgyry  #BRSR #CSRD #SDG #SDGs #ESG #sustainability #sustainable #ecofriendly #sustainableliving #environment #zerowaste #carbon #climatechange #nature #gogreen #recycle #savetheplanet #plasticfree‚Ä¶ https://t.co/UXsIFYNMk7"""
1871075302736326768,555088025,2024-12-23T06:08:09.000Z,"""No cloud cover and no frost today. In midwinter.  #ClimateChange"""
1871073811078226074,3012454471,2024-12-23T06:02:14.000Z,"""Our #HomeBasedWorker leaders went on an exposure visit hosted by MHT #Bengaluru.  The visit facilitated knowledge sharing around adaptive strategies that can be used to counter the effects of #ClimateChange, through solutions like solar reflective white paint, eco stoves &amp; more. https://t.co/zLxEAkVyLd"""
1871069930122318280,271984385,2024-12-23T05:46:48.000Z,"""23-Dec-2024. Climate Scam WA Australia.  High pressure by Raytheon‚Ñ¢Ô∏è continuing to cause a #heatwave in WA.  #cop29 #pinegap #auspol #renewables #nuclear #climatechange https://t.co/S3fwHK0q4I"""
1871066805521039380,828841083257778176,2024-12-23T05:34:23.000Z,"""Narayana Murthy Warns Mass Migration to Bengaluru, Pune and Hyderabad Amid Climate Change https://t.co/qvxtLbhEkW #NarayanaMurthy #Infosys #Bengaluru #Pune #Hyderabad #ClimateChange #Environment"""
1871066583059345724,971672340093267968,2024-12-23T05:33:30.000Z,"""Earth has tilted by 31.5 inches in 17 years, and the cause will leave you stunned https://t.co/OOtw8maBGW  #climate, #climatechange, #earth, #environment, #getgreengetgrowing, #gngagritech, #greenstories, #groundwater, #nasa, #planets, #solarflares"""
1871064880960389147,1511272456442445827,2024-12-23T05:26:44.000Z,"""The mindless hacking of trees in housing societies indicates the global menace of 'tree blindless', writes¬†Pinaki¬†Roy.  #Trees #deforestation #climatechange #residential @leo_mukherjee   https://t.co/ERHOCCjCfD"""
1871059825917899008,1096724430087208960,2024-12-23T05:06:39.000Z,"""Volkswagen Reaches A Deal To End Labor Dispute https://t.co/rORz0EDtDt #Tesla #EV #ClimateChange #Renewables #RenewableEnergy"""
1871059822809915514,1096724430087208960,2024-12-23T05:06:39.000Z,"""Vanadium Opens The Door To Low-Cost EV Batteries Made From Salt https://t.co/vz3pbIMX8g #Tesla #EV #ClimateChange #Renewables #RenewableEnergy"""
1871057003143184708,1644050315463761920,2024-12-23T04:55:26.000Z,"""@ny_emman @Eng_BrianM At the same time ‚Äî why go through the effort &amp; expense of extracting coal from the üåç if you can use waste that humans are generating at speed. Waste-to-energy is EXACTLY the innovation we need to tackle two causes of #ClimateChange !"""
1871048341989298239,16140206,2024-12-23T04:21:01.000Z,"""BIG OIL KARMA Brought to you by Planet Cents SIGN UP FOR A FREE 1-YEAR SUBSCRIPTION: https://t.co/XSdQPbgOuE Deadline: 1-1-25  #planetcents #climatechange #sustainableshopping #planetcentsmovement #climateaction #oilandgas #bigoil #fossilfuels https://t.co/CFcm5mlUJx"""
1871043852976726159,16140206,2024-12-23T04:03:11.000Z,"""As porch piracy grows, . . . Brought to you by Planet Cents  SIGN UP FOR A FREE 1-YEAR SUBSCRIPTION: https://t.co/XSdQPbgOuE Deadline: 1-1-25  #planetcents #climatechange #sustainableshopping #planetcentsmovement #climateaction https://t.co/iTE4BHChAs"""
1871043501074579953,1850894803837255680,2024-12-23T04:01:47.000Z,"""""Will there be a wildfire in Canada? Our phone data can help make the prediction - Green Prophet"" https://t.co/B2xjTFs9Jk #News #Environment¬†#Sustainability #Wildfires¬†#Climate¬†#ClimateChange¬† #USDA #USA #Canada"""
1871043488676237541,1739573305932197888,2024-12-23T04:01:44.000Z,"""""Will there be a wildfire in Canada? Our phone data can help make the prediction - Green Prophet"" https://t.co/lZLJovQQrL #News #Environment¬†#Sustainability #Wildfires¬†#Climate¬†#ClimateChange¬† #USDA #USA #Canada"""
1871043048076919005,531162864,2024-12-23T03:59:59.000Z,"""These founders are creating new and effective business models for everything from water conservation to solar panels. Œërticle by @gbienasz. https://t.co/oR75J7MfKU  #innovation #climatechange"""
1871041217129271620,2213770434,2024-12-23T03:52:43.000Z,"""Renewable energy is the only way forward in the future, but does it require stronger international cooperation in the transition process? üåç #ClimateChange #NewEnergy #SustainableDevelopment"""
1871036901072752784,1731081598353788928,2024-12-23T03:35:34.000Z,"""Homeowners are in danger of being dropped by insurers, turning to last-resort options or going uninsured, are you concerned about this trend? #housing #climatechange #environment"""
1871036830440997060,1722146611407855616,2024-12-23T03:35:17.000Z,"""@ProfMarkMaslin ""Over 99% scientist agree that #climatechange is happening and it is due to human greenhouse gas emissions"" Not true. No where 99% are on the take. One source means nothing. And we are not capable of beating Mother Nature. So no not man made, but it could be if global economies‚Ä¶ https://t.co/MLZFf0SQAz"""
1871036739231658107,1374460939202748416,2024-12-23T03:34:55.000Z,"""Addressing #climatechange can prevent mass #migration to cities: Narayana Murthy (@Infosys_nmurthy) @Infosys  @UNmigration https://t.co/r4ACsw2FCS"""
1871035865499111556,310105451,2024-12-23T03:31:27.000Z,"""@INCKerala Delhi roads are being overrun by big fat gas-guzzling air-polluting SUVs, Meanwhile, @nsitharaman is busy taxing second hand cars which have a significantly lighter carbon footprint.  Talk to your counterpart  in the #climatechange ministry @moefcc"""
1871034222439485690,16140206,2024-12-23T03:24:55.000Z,"""274. COP29: From Billions to Trillions - G20 Calls for Ambition in Climate Finance   Brought to you by Planet Cents Take action: https://t.co/yxPQot3i96  #planetcents #climatechange #sustainableshopping #planetcentsmovement #climateaction https://t.co/XlvoH1BWbi via @ListenNotes"""
1871032241033519189,16140206,2024-12-23T03:17:03.000Z,"""The dark secret behind the historic U.S. oil boom Brought to you by Planet Cents  SIGN UP: FREE 1-YEAR OF CLIMATE SHOPPING: https://t.co/XSdQPbgOuE  #planetcents #climatechange #sustainableshopping #planetcentsmovement #climateaction https://t.co/v8Jv8z3gh5 via @YouTube"""
1871031337311981630,16140206,2024-12-23T03:13:27.000Z,"""Yes, water ""wars"" in the U.S. Brought to you by Planet Cents CREATE A GLOBAL GREEN ALTERNATIVE TO AMAZON.   https://t.co/yxPQot3i96  #planetcents #climatechange  #climateaction #water #WaterWars #resources #naturalresources  https://t.co/AF2CFt8dVJ via @coloradosun"""
1871030690852290905,16140206,2024-12-23T03:10:53.000Z,"""CLIMATE LEADERSHIP Brought to you by Planet Cents Free 1-year climate shopping deal: www.PlanetCents dot us  #planetcents #climatechange #sustainableshopping #planetcentsmovement #climateaction #carbonoffsets #carboncredits #esg #esgreporting  https://t.co/efdyK36H96"""
1871027331739074702,16140206,2024-12-23T02:57:32.000Z,"""How Your Business Can Reduce E-Waste  Brought to you by Planet Cents https://t.co/f1yjEWUoZj Take action: https://t.co/yxPQot3i96 Deadline: 1-1-25  #planetcents #climatechange #sustainableshopping #planetcentsmovement #ewaste #climateaction #waste  https://t.co/Jy8I9O6jQs"""
1871026329447268473,16140206,2024-12-23T02:53:33.000Z,"""CLIMATE TRANSPORTATION UPDATE Brought to you by Planet Cents https://t.co/f1yjEWUoZj Take action: https://t.co/yxPQot3i96 Deadline: 1-1-25  #planetcents #climatechange #sustainableshopping #planetcentsmovement #ClimateAction   https://t.co/t1Ug7adpz6"""
1871025600456221174,16140206,2024-12-23T02:50:39.000Z,"""CLIMATE INNOVATION VICTORY E-Bike Powered by Discarded Single-Use Vape Batteries  Brought to you by Planet Cents  SIGN UP: FREE 1-YEAR OF CLIMATE SHOPPING: https://t.co/yxPQot3i96  #planetcents #climatechange  #planetcentsmovement #ClimateAction   https://t.co/L8tj9pet0n"""
1871024326360924349,16140206,2024-12-23T02:45:36.000Z,"""Can Plastic Pollution Be Mitigated Through a Reverse Supply Chain? Brought to you by Planet Cents https://t.co/f1yjEWUoZj Take action: https://t.co/yxPQot3i96  #planetcents #climatechange #sustainableshopping #planetcentsmovement #climateaction #plastic https://t.co/Ml4LBxHUaJ"""
1871023973699322245,884812241240866816,2024-12-23T02:44:11.000Z,"""Reduction of #forestcover in Mountain states is a worrying fact #climatechange  #forestfire  @byadavbjp  @moefcc  @wii_india  @wii_eiacp  @the_hindu  @toi  @htTweets  @EconomicTimes  @nytimes  @WSJ  @Sambad_English  @ForestDeptt  @ForestSurvey  @FAOForestry  @UNBiodiversity https://t.co/0Mnji5WpFP"""
1871023802421027228,107132801,2024-12-23T02:43:31.000Z,"""From Climate Change To Gun Control, 8 Women Making The World A Better Place. This International Women‚Äôs Day we celebrate some truly badass women. #ClimateChange #InternationalWom 972 cokoka 906"""
1871023761228734932,16140206,2024-12-23T02:43:21.000Z,"""‚ÄòBuy Now‚Äô Documentary Highlights Waste Driven by Fast Fashion  Brought to you by Planet Cents  SIGN UP: FREE 1-YEAR OF CLIMATE SHOPPING: https://t.co/XSdQPbgOuE  #planetcents #climatechange #sustainableshopping #planetcentsmovement #climateaction #buynow  https://t.co/nKOEOgT9S4"""
1871020154538344660,954740448341438464,2024-12-23T02:29:01.000Z,"""as long as  the USA doesnt get to produce anything or create any power in order to save the world from #climatechange everything is ok. https://t.co/WE8Yc8ggle"""
1871009675682161020,16140206,2024-12-23T01:47:23.000Z,"""ELON DOGE'S IT? Brought to you by Planet Cents Take action: https://t.co/yxPQot3i96 Deadline: 1-1-25  #planetcents #climatechange #sustainableshopping #planetcentsmovement #climateaction #elonmusk #energy #cleanenergy #energyfinance  https://t.co/hA7Y8zqWvE via @trellisgroup_"""
1871007022499668345,1115755622929059840,2024-12-23T01:36:50.000Z,"""Farming has always been a risky investment because of natural weather variability. A good crop can be undone just before harvest. #ClimateChange is adding to that risk. This article maps clearly how incremental change like earlier ripening increases risk. https://t.co/UiYlOPOLWv"""
1871004691674595337,16140206,2024-12-23T01:27:34.000Z,"""CLIMATE ECONOMICS Brought to you by Planet Cents  SIGN UP: FREE 1-YEAR OF CLIMATE SHOPPING:¬†https://t.co/XSdQPbgOuE Deadline: 1-1-25  #planetcents #climatechange #sustainableshopping #planetcentsmovement #climateaction #economy #inflaction  https://t.co/1zUmlSLpZN"""
1871003568377139263,16140206,2024-12-23T01:23:06.000Z,"""GOOD CLIMATE NEWS  Brought to you by Planet Cents https://t.co/f1yjEWUoZj Take action: https://t.co/yxPQot3i96  #planetcents #climatechange #sustainableshopping #planetcentsmovement #climateactionhttps://www.businessgreen.com/4389995/ via @businessgreen"""
1871001657523552438,16140206,2024-12-23T01:15:31.000Z,"""NET ZERO - Of the 70 percent of G2000 companies that report emissions data, just¬†16 percent are on track¬†to reach net zero by 2050. Brought to you by Planet Cents https://t.co/yxPQot3i96  #planetcents #climatechange #sustainableshopping #netzero  https://t.co/yI8bRzDRoS"""
1871000272102900172,16140206,2024-12-23T01:10:01.000Z,"""CLIMATE - IF WASHINGTON WON'T LEAD, LOCAL GOVERNMENT NEEDS TO STEP UP! Brought to you by Planet Cents  Free 1-year climate shopping deal: https://t.co/yxPQot3i96 Deadline: 1-1-25  #planetcents #climatechange #sustainableshopping #government #trump  https://t.co/9jkfzEBnwE"""
1870999823224369580,1850894803837255680,2024-12-23T01:08:14.000Z,"""""California Wildfire Mitigation Program - TPG Online Daily"" https://t.co/PU0pQ3IopX #News #Environment¬†#Sustainability #Wildfires¬†#Climate¬†#ClimateChange¬† #USDA #USA #Canada"""
1870999813522936073,1739573305932197888,2024-12-23T01:08:11.000Z,"""""California Wildfire Mitigation Program - TPG Online Daily"" https://t.co/FCwSw61X7C #News #Environment¬†#Sustainability #Wildfires¬†#Climate¬†#ClimateChange¬† #USDA #USA #Canada"""
1870997880716341263,24764773,2024-12-23T01:00:30.000Z,"""You can help fight #climatechange by protecting tropical forests. Donate now: https://t.co/j2gcRQGlhk"""
1870996894081544524,337770742,2024-12-23T00:56:35.000Z,"""Surprising New Discoveries that Fight Climate Change https://t.co/87s5ZReNhI #climatechange #climatecrisis #environment"""
1870996865443119304,153585693,2024-12-23T00:56:28.000Z,"""‚òÄÔ∏è Counties with the worst droughts in Florida #Agriculture #Amusementpark #NewJersey #Climatechange #Weather https://t.co/nv1xbkkBnS"""
1870993996069450225,515321393,2024-12-23T00:45:04.000Z,"""@ezejimE7 @volcaholic1 And #ClimateChange #ClimateChaos caused by man made #GlobalWarming  #ThereisNoPlanetB üÜòÔ∏èüåéüíö #YouCantEatMoney ü§ë"""
1870991036178141227,1689709558153748483,2024-12-23T00:33:19.000Z,"""Three pieces of good news on climate change in 2024.  Progress moving away from fossil fuels and cheaper climate technologies are among the bright spots this year. #ClimateChange #ClimateCrisis #GlobalWarming   https://t.co/8VkyDaiNEX"""
