1878230402877325369,1616036566404677634,2025-01-11T23:59:58.000Z,"""The elimination of The Deep State continues. WWG1WGA!""",1
1878230397277888545,1082176869678624768,2025-01-11T23:59:57.000Z,"""RT @MAGAVoice: HOLY SH*T ğŸš¨ Here is President Trumpâ€™s plan to DISMANTLE the Deep State. WE NEED THIS ğŸ‡ºğŸ‡¸  Trump will dismantle the Democrat Râ€¦""",1
1878230395029787118,1861002950765686784,2025-01-11T23:59:56.000Z,"""RT @hollywood2pt0: ğŸš¨ ğŸš¨Jesse Watters just laid out how this is going to play out for the corrupt Democrat states beginning with California:â€¦""",1
1878230387710656851,1695883734094925824,2025-01-11T23:59:54.000Z,"""RT @firehorseme: Can you please stop gates, the deep state and whoever else is involved from spraying this shit on us and our families? Thiâ€¦""",1
1878230379150127239,1669690936337506307,2025-01-11T23:59:52.000Z,"""RT @BehizyTweets: WATCH: A Texas State Representative just unleashed BOMBSHELL news.  He revealed that the Uniparty Republican Legislatorsâ€¦""",1
1878230378743271683,1678905982464696320,2025-01-11T23:59:52.000Z,"""RT @JDunlap1974: ğŸš¨ğŸš¨ Juan Merchan's daughter raised $93 million for her Democrat clients and was paid $9.7 million from the Biden campaign tâ€¦""",1
1878230376285692092,1360708098541821952,2025-01-11T23:59:52.000Z,"""RT @Rachel4Trump_45: It took you long enough Penceâ€¦   RINO!!  https://t.co/ybuHjOboO0""",1
1878230366101610858,188197115,2025-01-11T23:59:49.000Z,"""RT @Ray_P45: There is no good reason why cases of such importance should take so long.  https://t.co/7zYFVJUoWO""",0
1878230362800652746,1628429538354163713,2025-01-11T23:59:48.000Z,"""RT @JasonJDaniel: @JohnLeFevre Itâ€™s a good thing Harris and the Democrat California corrupt machine got $2 billion from all the donors in Câ€¦""",1
1878230334845673669,2172898651,2025-01-11T23:59:42.000Z,"""@TuckerCNews @allo_terre Trump probably won the 2020 election but it's not so bad that he didn't get the presidency,  it allowed the deep state to expose itself heavily.  Today, everything is clear...""",1
1878230325416870092,1519974489815199745,2025-01-11T23:59:40.000Z,"""RT @DC_Draino: Fun Fact: Felons get sent to prison  Trump got an unconditional discharge - no jail &amp; no probation  That means heâ€™s not an aâ€¦""",1
1878230302952137011,1823037721436143616,2025-01-11T23:59:34.000Z,"""@HustleBitch_ They are working with our deep state this was plan""",1
1878230402877325369,1616036566404677634,2025-01-11T23:59:58.000Z,"""The elimination of The Deep State continues. WWG1WGA!""",1
1878230385991033212,955110414496366599,2025-01-11T23:59:54.000Z,"""RT @BehizyTweets: Matt Gaetz explaining how most members of Congress are owned by lobbyists and special interests is really infuriating toâ€¦""",1
1878230348020003289,1454857640102834185,2025-01-11T23:59:45.000Z,"""Our national debt stands at $36T but Republicans &amp; Trump want to give the ultra wealthy another $4.2T in tax cuts.   Instead of using that $4.2T to pay down debt, they plan to instead cut programs for the poorest of Americans.  Creating an even larger wealth gap.""",1
1878230322518659474,1263620135761444865,2025-01-11T23:59:39.000Z,"""RT @hakeemjeffries: The GOP Tax Scam championed by House Republicans destroyed the State and Local Tax deduction in 2017.  Millions of middâ€¦""",1
1878230276926521483,2231562674,2025-01-11T23:59:28.000Z,"""RT @KateBMwriting: Ruth Hunt encouraged people to take drugs and have operations that made them sterile. Now sheâ€™s lobbying behind the scenâ€¦""",0
1878230264410718601,543642365,2025-01-11T23:59:25.000Z,"""RT @GreenPeterU: Labour are determined to make you suffer because they refuse to properly tax billionaires and multi-millionaires  Why areâ€¦""",1
1878230232752181470,19533880,2025-01-11T23:59:17.000Z,"""RT @David__Osland: Rachel Reeves doesn't have to cut billions of pounds from cutting disability benefits. She could raise billions of poundâ€¦""",0
1878230227890929938,4245535419,2025-01-11T23:59:16.000Z,"""@JohnTBTucker @ElephantOpin @strike_dr No, your GOP did that. The 2017 Trump Tax Law Was Skewed to the Rich, Expensive, and Failed to Deliver on Its Promises | Center on Budget and Policy Priorities https://t.co/1XfzC1lQNe""",1
1878230213881983468,439885517,2025-01-11T23:59:13.000Z,"""RT @taliaotg: This is incitement to commit terrorism.  And it will go completely ignored by @NYCMayor, @GovKathyHochul, @NYPDPC, @Manhattanâ€¦""",0
1878230212342599747,1521518012779483139,2025-01-11T23:59:13.000Z,"""RT @MAGAQueenUSA: Would you support President Trump BANNING lobbying in Washington DC ?  YES or NO ? https://t.co/o52i35Esom""",1
1878230178880499970,1143753030,2025-01-11T23:59:05.000Z,"""RT @PoliticusSarah: Republicans are basically saying to farmers, thanks for your vote. Now, we are going to put you out of business becauseâ€¦""",1
1878230144185237907,1490772343161073670,2025-01-11T23:58:56.000Z,"""RT @cwebbonline: In order to cut $2 trillion in spending, cuts to Medicare and Social Security are on the docket. Popular programs that peoâ€¦""",1
1878230393234546759,1013200133268402181,2025-01-11T23:59:56.000Z,"""RT @YourAnonCentral: US oligarch Elon Musk interfering in Canadaâ€™s democracy in support of the anti-working class, corporatist Pierre Poiliâ€¦""",1
1878230384363679940,1504698265597587456,2025-01-11T23:59:54.000Z,"""RT @corbyn_project: The right to free speech and protest are precious.  We strongly condemn police attempts to stop an agreed march for Palâ€¦""",1
1878230380144386135,1747050121932804096,2025-01-11T23:59:53.000Z,"""RT @ShaykhSulaiman: 2024 Rolling Stones Award:  â€œFree Palestineâ€¦ F*ck Netanyahuâ€¦ F*ck Zionismâ€ https://t.co/IHJjpQCwmo""",0
1878230361177739330,2411313362,2025-01-11T23:59:48.000Z,"""RT @Cassandrasl99: The LNP has opposed wage increases for minimum wage earners &amp; just about every legislation Labor has proposed to increasâ€¦""",1
1878230346237456620,2357399340,2025-01-11T23:59:45.000Z,"""RT @caitoz: Are we all seriously expected to pretend to believe Nazis are going around spray painting ""Free Palestine"" alongside their swasâ€¦""",0
1878230318664048732,1568356584283115522,2025-01-11T23:59:38.000Z,"""RT @EYakoby: Palestinian Authority on ""Queers for Palestine.""  â€œOnce Palestine is free, not a single homosexual will be allowed to live inâ€¦""",0
1878230312368373853,1496195200884133896,2025-01-11T23:59:36.000Z,"""RT @alexandrosM: So long as we are operating on merit I'm cool. Perhaps look up what ""oligarch"" actually means. These 4 people were born inâ€¦""",1
1878230297885741078,1845219336098807811,2025-01-11T23:59:33.000Z,"""RT @twtrrr: @Greg66666666666 What utter rubbish. Joining a union is the best thing you can do for workers rights.""",1
1878230294190575874,714366612120276993,2025-01-11T23:59:32.000Z,"""RT @ryangrim: This was the funniest video of 2024. Guy was trying to compliment Israelâ€™s soccer team but the Israeli guy just keeps beratinâ€¦""",0
1878230270395977898,701812808384704512,2025-01-11T23:59:26.000Z,"""RT @thatguyreddevil: Fuck Elon, Tommy and all the other flag-snagging racist / Islamophobes on both sides of the pond. Also, stop the fuckiâ€¦""",0
1878230236568920161,3034515371,2025-01-11T23:59:18.000Z,"""RT @itslaylas: where are the cancel culture warriors? the free speech orgs? this doesn't stop at Palestine advocacy, colleges will use thisâ€¦""",0
1878230221507194938,842103364880072705,2025-01-11T23:59:15.000Z,"""RT @GuzKhanOfficial: No other military on planet earth does these things so brazenly.  Itâ€™s so totally warped, it makes us sick to our coreâ€¦""",0
1878230198178476037,865644775873028098,2025-01-11T23:59:09.000Z,"""RT @kamaufranklin: Since I know his moma I'm gonna say great parenting. Free Palestine""",0
1878230402147512558,1615118524246024193,2025-01-11T23:59:58.000Z,"""RT @JohnStrandUSA: WOW: Peaceful protester shares one of countless J6 police abuse incidents  â€œI was praying for a cop, and he shot me in tâ€¦""",0
1878230401417650576,1053611113,2025-01-11T23:59:58.000Z,"""@Wesley_crypto Drop HelloğŸ‘‹  on telegram to join my free ongoing mentorship program on Trade and also build a better portfolio ğŸ‘‡ğŸ‘‡ğŸ‘‡  https://t.co/g6N3OJ8qV8""",1
1878230393784299591,1416384274027012097,2025-01-11T23:59:56.000Z,"""RT @parkbeaus: during the live, jihoon was washing his face and doing his skincare while talking about how he thinks his future children woâ€¦""",0
1878230384258781261,1422203490844168193,2025-01-11T23:59:54.000Z,"""@Gbemileke_001 @Wyi_Gaius @HommiesDrey Notcoin gave me $1500 Notpixel Will will me $1800 and my portfolio will go up to $5000 between Ton, Notcoin and Notpixel, but you instead, will be promoting Cannbis with idol, Drey.""",0
1878230377199788212,85748700,2025-01-11T23:59:52.000Z,"""It is absolutely impossible to find any reputable information on the LA fires on here. Everything is just â€œ THE FIRES WERE STARTED BY WOKE DEI JEWISH SPACE LASERS TO PUNISH THE GAY R-WORD PEDO ACTORSâ€""",0
1878230374309929137,2333301266,2025-01-11T23:59:51.000Z,"""@degeniserman Bull.BNB is very accurate with his analysis and I'm glad I came across his page on instagram where he shares great calls and gives free mentorship.I suggest you follow him on instagram for more updates. https://t.co/nbX86BZJJD""",0
1878230371713572929,1586360012410159105,2025-01-11T23:59:51.000Z,"""@SULLY10X Riculous to call this a sculpture.  He deserves an F for failure.  Is the audience DEI?""",1
1878230366445600795,1537726555,2025-01-11T23:59:49.000Z,"""@misscorpio2u do you have a page or portfolio i can look at?""",0
1878230364021211514,1771835587588427776,2025-01-11T23:59:49.000Z,"""RT @CrazyNFTRich: @0xZyaf ğŸš€ Exciting News! The DogAI Website is Live! ğŸ¾  Excited to share that  @DOGAI_GG   website is officially live at hâ€¦""",0
1878230360519245845,1857048580957130752,2025-01-11T23:59:48.000Z,"""RT @mygoodtimes: #Lisa shares travel postcards from her vacay at a tropical paradise! ğŸŒŠğŸ‘™   #Lalisa #Bollywood #BLACKPINK @BLACKPINK @ygoffiâ€¦""",0
1878230358069584221,863369749409001472,2025-01-11T23:59:47.000Z,"""@MarioNawfal Not as much as DEI does.""",0
1878230357427765394,862786245658804224,2025-01-11T23:59:47.000Z,"""And that is why #DEI is destroying America! #MSNBC @jemelehill @ElieNYC @UCLA @rickygervais @tomhanks @kevinolearytv @mrdannyglover @StephenAtHome https://t.co/vDhus9AqBL""",1
1877505622796620126,1761856845927366657,2025-01-09T23:59:57.000Z,"""@Account00777 @itsakhilfr Full disclosure, my husband IS a lobbyist in DC for insurance brokerages, not exactly for the companies direct.""", 0
1877505619067822461,518521500,2025-01-09T23:59:56.000Z,"""RT @rhonda_harbison: https://t.co/83MrDsAdRw The New Cost for 2025 Tax Cut Extensions - $5 Trillion""", 0
1877505583583989813,1266356703215394818,2025-01-09T23:59:48.000Z,"""RT @premnsikka: Schools in England face â€˜death by a thousand cutsâ€™.  Despite recent increases real  college funding per student aged 16 toâ€¦""", 0
1877505553577963884,748002902141190144,2025-01-09T23:59:40.000Z,"""@DefiyantlyFree @RepThomasMassie You do realize Israel attacked Relief workers right &amp; is murdering Children Those are War Crimes Israel is a welfare handout Queen just like Ukraine AIPAC is also an unregistered foreign lobbyist group I stand with @RepThomasMassie https://t.co/rh1V6cD3gq""", 1
1877505524373045541,1179753550550851584,2025-01-09T23:59:34.000Z,"""RT @theJagmeetSingh: Pierre Poilievre's senior advisor doubles as a Loblaw Lobbyist.  Galen Weston has donated to his party.  There is no câ€¦""", 0
1877505521411920120,864487498935787520,2025-01-09T23:59:33.000Z,"""RT @rhonda_harbison: https://t.co/83MrDsAdRw The New Cost for 2025 Tax Cut Extensions - $5 Trillion""", 0
1877505488889209152,210318675,2025-01-09T23:59:25.000Z,"""RT @MrJoKeR604: Galen Weston is a thief.  Loblaws is crooked.  Jenni Byrne, chief strategist for Pierre Poilievre is a a lobbyist for Galenâ€¦""", 0
1877505488016818228,2203607914,2025-01-09T23:59:25.000Z,"""@SenSchumer This is stupid.  The lower the tax bracket, the bigger the tax cut.   Why do Democrats keep misrepresenting this?""", 1
1877505482920722930,864487498935787520,2025-01-09T23:59:24.000Z,"""RT @PCadfael: @rhonda_harbison The Cost for #Republicans 2025 Tax Cut Extensions - $5 Trillion more #American Debt  CBO: Extending Trump Taâ€¦""", 0
1877505440298209658,1183071335083315200,2025-01-09T23:59:13.000Z,"""RT @mmpadellan: REMINDER: It was never really about Blue vs Red, Democrats vs Republicans, Black vs White...  It was ALWAYS about ultra-weaâ€¦""", 1
1877505434765946970,1825547726366388224,2025-01-09T23:59:12.000Z,"""RT @SexMattersOrg: Stonewall increasingly reliant on public purse as finances suffer.   @mforstater â€˜Stonewall made a huge mistake in 2018â€¦""", 0
1877505430697423102,1401654318252519430,2025-01-09T23:59:11.000Z,"""RT @whittakertp: Pierre Poilievre's campaign manager and top advisor is a registered lobbyist for Loblaw Companies Ltd.""", 0
1877505419632882004,304375321,2025-01-09T23:59:09.000Z,"""RT @JoJoFromJerz: His tax cut for the rich saddled our country with the 3rd largest debt increase in our nationâ€™s history and he left officâ€¦""", 0
1877505400490139679,602615359,2025-01-09T23:59:04.000Z,"""RT @SenWarren: Big Tech corporations are lining up to sponsor Donald Trumpâ€™s inauguration.  You better believe these CEOs expect a return oâ€¦""", 1
1877505366289744173,16071190,2025-01-09T23:58:56.000Z,"""RT @SenWarren: Big Tech corporations are lining up to sponsor Donald Trumpâ€™s inauguration.  You better believe these CEOs expect a return oâ€¦""", 1
1877505363378930066,1478612882,2025-01-09T23:58:55.000Z,"""RT @RBReich: As a corporate lobbyist, Trump AG nominee Pam Bondi represented scores of clients facing federal regulatory scrutiny â€” includiâ€¦""", 0
1877505356076909047,905260464619216896,2025-01-09T23:58:53.000Z,"""RT @MrJoKeR604: Galen Weston is a thief.  Loblaws is crooked.  Jenni Byrne, chief strategist for Pierre Poilievre is a a lobbyist for Galenâ€¦""", 0
1877505326875844614,1544540362286432256,2025-01-09T23:58:46.000Z,"""RT @JoJoFromJerz: His tax cut for the rich saddled our country with the 3rd largest debt increase in our nationâ€™s history and he left officâ€¦""", 0
1877505267316756699,3259119416,2025-01-09T23:58:32.000Z,"""@JoJoFromJerz Interesting take by a deaf, blind &amp; ignorant JoJo. The Trump tax cuts benefitted everyone, not just the rich. Those tax cuts also spurned record tax revenue. The rich also paid the highest portions of taxes collected since the Trump tax cuts.""", 1
1877505258156413266,1603208618853429248,2025-01-09T23:58:30.000Z,"""RT @Baklava_USA: Canadians about to swear oaths to the United States Constitution!!!!!  Just for a 60% tax cut ğŸ¤£ https://t.co/rnlebRPWtg""", 0
1877505254339621265,75712842,2025-01-09T23:58:29.000Z,"""RT @TheGreenParty: ""That means we have to tax both rich individuals and multinational companies so that money is available...""  @nataliebenâ€¦""", 1
1877505237709209804,1706476730238607360,2025-01-09T23:58:25.000Z,"""RT @JoJoFromJerz: His tax cut for the rich saddled our country with the 3rd largest debt increase in our nationâ€™s history and he left officâ€¦""", 1
1877505236832485737,1847265978188443648,2025-01-09T23:58:25.000Z,"""RT @JoJoFromJerz: His tax cut for the rich saddled our country with the 3rd largest debt increase in our nationâ€™s history and he left officâ€¦""", 1
1877505220030140621,1585759605023707136,2025-01-09T23:58:21.000Z,"""@ACTBrigitte Girl you are right.  I remember when Reagan was elected and we had two great terms of Reaganomics... but we went to sleep and that is a mistake we cannot afford to make again!""", 0
1877505212530786353,1400874480478699525,2025-01-09T23:58:19.000Z,"""RT @MargBarAmerica: besides stealing all of the water in california, the resnicks who own the Wonderful Company have also been lobbying ourâ€¦""", 1
1877505210723020936,451973360,2025-01-09T23:58:19.000Z,"""RT @redsnoopy69: I'm sure Jenni Byrne Pierre Poilievre's top advicer who is also a lobbyist for Galen Weston/Loblaws says this is just fineâ€¦""", 0
1877505180272398480,1923590408,2025-01-09T23:58:11.000Z,"""RT @SenWarren: Big Tech corporations are lining up to sponsor Donald Trumpâ€™s inauguration.  You better believe these CEOs expect a return oâ€¦""", 1
1877505170130743528,2147560046,2025-01-09T23:58:09.000Z,"""RT @SenWarren: Big Tech corporations are lining up to sponsor Donald Trumpâ€™s inauguration.  You better believe these CEOs expect a return oâ€¦""", 1
1877505152040513942,1854870454508380161,2025-01-09T23:58:05.000Z,"""@gurvis_purdy @globalnews @PierrePoilievre Canâ€™t disagree with you there but heâ€™s also supposed to give us back our guns, deport some, dramatically cut the immigration, fire woke people, remove DEI BS, etc. I just donâ€™t believe heâ€™ll do it all. I hope he axes the tax and gives us r guns at least tho""", 1
1877505137289068605,991807293657403398,2025-01-09T23:58:01.000Z,"""@CBSNews AI Overview  Yes, the Committee to Protect Health Care (CTP) is a lobbying organization that advocates for health care policy change. The CTP is a super PAC that uses lobbying, media campaigns, and electoral strategies to influence health care policy.""", 0
1877505119001907436,1255643967993065472,2025-01-09T23:57:57.000Z,"""RT @JoJoFromJerz: We could have had affordable housing, reduced healthcare costs, a higher minimum wage, equitable taxes for the rich, an eâ€¦""", 1
1877505084508033265,453495356,2025-01-09T23:57:49.000Z,"""Chevron hired DC lobbyist close to several Florida Republicans set to take key national security positions in Trump administrations.  @BallardFirm says it will work on tax issues.  But Chevron in the past lobbied heavily for a Treasury license to keep operating in Venezuela. https://t.co/7nas0STqqt""", 0
1877505071384080516,112903588,2025-01-09T23:57:46.000Z,"""RT @MrJoKeR604: Galen Weston is a thief.  Loblaws is crooked.  Jenni Byrne, chief strategist for Pierre Poilievre is a a lobbyist for Galenâ€¦""", 0
1877505056859127992,1734998727872380928,2025-01-09T23:57:42.000Z,"""RT @UniteSharon: How can the @GOVUK take away the #winterfuelpayment from vulnerable pensioners and leave the super rich completely untouchâ€¦""", 1
1877505027620688236,817488870686101504,2025-01-09T23:57:35.000Z,"""RT @SenWarren: Big Tech corporations are lining up to sponsor Donald Trumpâ€™s inauguration.  You better believe these CEOs expect a return oâ€¦""", 1
1877505010470170766,962193754768646144,2025-01-09T23:57:31.000Z,"""RT @whittakertp: Pierre Poilievre's campaign manager and top advisor is a registered lobbyist for Loblaw Companies Ltd.""", 0
1877505007081193626,1576714480783970305,2025-01-09T23:57:30.000Z,"""RT @Radlab72: Nou media, nodig IsraÃ«l-lobbyist Vivian Renat eens uit met de vraag waarom haar Nederlandse stichting onderdeel is van een trâ€¦""", 0
1877505005281759413,990415165135831040,2025-01-09T23:57:30.000Z,"""Up there with ""unfunded tax cut""""", 0
1877504991335764139,1208584725863915520,2025-01-09T23:57:26.000Z,"""RT @KathleenGanley: Back room deals to push ahead with coal mining.  Refusing to release the results of the pension survey.  Laws to allowâ€¦""", 0
1877504977725276601,1548416214707277831,2025-01-09T23:57:23.000Z,"""RT @belle_levesque: What? @PierrePoilievre says the high cost of food is caused by the carbon tax.  How many Canadians know Poilievreâ€™s Chiâ€¦""", 0
1877504976026505412,1412807804222685189,2025-01-09T23:57:23.000Z,"""RT @SenWarren: Big Tech corporations are lining up to sponsor Donald Trumpâ€™s inauguration.  You better believe these CEOs expect a return oâ€¦""", 1
1877504971521810511,1440452500297961476,2025-01-09T23:57:22.000Z,"""RT @RodKahx: Ya, so even after we cut the carbon tax, food prices won't go down because I've been lying to you all along. https://t.co/hghzâ€¦""", 0
1877504961556201793,282107230,2025-01-09T23:57:19.000Z,"""RT @JoJoFromJerz: His tax cut for the rich saddled our country with the 3rd largest debt increase in our nationâ€™s history and he left officâ€¦""",1
1877504942669201442,342305583,2025-01-09T23:57:15.000Z,"""@AdameMedia Absolutely. Short-term asset stripping of national assets, sell off north sea oil, tax cuts to asset owners, end of MIRAS, end of council housing, sell off playing fields, no such thing as society. Her and Reaganomics and the crap of trickle-down, led to massive inequality.""", 1
1877504918518415685,1548416214707277831,2025-01-09T23:57:09.000Z,"""RT @What23HasDone: Apologize to Justin Trudeau. Right now.   By the way, Loblaws lobbyist Jenni Byrne attends CPC caucus meetings and willâ€¦""", 0
1877504907999326326,1401654318252519430,2025-01-09T23:57:07.000Z,"""RT @MrJoKeR604: Galen Weston is a thief.  Loblaws is crooked.  Jenni Byrne, chief strategist for Pierre Poilievre is a a lobbyist for Galenâ€¦""", 0
1877504889435111770,517598417,2025-01-09T23:57:02.000Z,"""RT @INCKerala: Now 16 ultra rich people bought this car in 2024, and together received a tax subsidy of 71.6 Cr at the least, if you don'tâ€¦""", 1
1877504876319498599,1519128621201436673,2025-01-09T23:56:59.000Z,"""RT @JoJoFromJerz: His tax cut for the rich saddled our country with the 3rd largest debt increase in our nationâ€™s history and he left officâ€¦""", 1
1877504873370894693,1218550894402424832,2025-01-09T23:56:58.000Z,"""RT @Victoria59L: @liberal_party Bring on the cuts âœ‚ï¸  Cut crime Cut illegals Cut taxes Cut carbon tax Cut booze being expensed Cut bureaucrâ€¦""", 0
1877504870040600891,207245079,2025-01-09T23:56:58.000Z,"""RT @_andreamiotti: Last year, OpenAI's chief lobbyist said that OpenAI is not aiming to build superintelligence.  Her boss, Sam Altman, isâ€¦""", 0
1877504863736644014,1485302531165200388,2025-01-09T23:56:56.000Z,"""RT @JoJoFromJerz: His tax cut for the rich saddled our country with the 3rd largest debt increase in our nationâ€™s history and he left officâ€¦""", 1
1877504849836720332,1599022050907246593,2025-01-09T23:56:53.000Z,"""@GuntherEagleman He put his state in this position. They tax you for environmental bs and use that money to enrich themselves and give the rest to illegals. Why would they cut their fire department budget knowing this was probable?""", 0
1877504844769984804,2736677402,2025-01-09T23:56:52.000Z,"""RT @SenWarren: Big Tech corporations are lining up to sponsor Donald Trumpâ€™s inauguration.  You better believe these CEOs expect a return oâ€¦""", 0
1877504838835028349,1410115521131868162,2025-01-09T23:56:50.000Z,"""RT @MargBarAmerica: besides stealing all of the water in california, the resnicks who own the Wonderful Company have also been lobbying ourâ€¦""", 0
1877504835525701794,2318369203,2025-01-09T23:56:49.000Z,"""The poor old UK elected their Kamalablah and heâ€™s worse than anyone could have imagined. Thank goodness #Trump was re-elected. The trickle down will help us all https://t.co/Z4jq9PMPI5""", 0
1877504807977570626,704863965940203520,2025-01-09T23:56:43.000Z,"""RT @theJagmeetSingh: Pierre Poilievre's senior advisor doubles as a Loblaw Lobbyist.  Galen Weston has donated to his party.  There is no câ€¦""", 0
1877504797060087854,1549161526359035904,2025-01-09T23:56:40.000Z,"""Would Canada use its nukes if Trump invaded? Would Denmark use its nukes to protect Greenlandâ€™s sovereignty? Is Donald Trump just stirring the pot with all this blather?at the end of his 2nd 4 years heâ€™ll be able to claim a tax cut as his major accomplishment""", 1
1877504796694814867,325357449,2025-01-09T23:56:40.000Z,"""RT @micah_erfan: Every time the GOP gets power, they are given a choice:   - Actually, try to reign in government borrowing or  - Give moreâ€¦""", 0


1877505616005996823,206347766,2025-01-09T23:59:55.000Z,"""Trump and Obama conversing at Jimmy Carterâ€™s funeral. Remember folks the oligarchy is one big club and you arenâ€™t in it! https://t.co/wQrl33E5MU""", 1
1877868015271735409,787384304087273472,2025-01-10T23:59:58.000Z,"""ğŸ‡«ğŸ‡·ğŸ‡µğŸ‡¸ MUSIQUE â€“ Le rappeur RilÃ¨s est apparu ce soir dans lâ€™Ã©mission Quotidien, vÃªtu dâ€™un t-shirt arborant lâ€™inscription ""Free Palestine"" en hÃ©breu, Ã  lâ€™occasion de la sortie de son album SURVIVAL MODE. https://t.co/4CAJ3mLBII""", 0
1877868007642333578,1042951859252682752,2025-01-10T23:59:56.000Z,"""CAN I GET A TRANS RIGHTS JIGSAW https://t.co/1mZmSsjoZY""", 0
1878230393234546759,1013200133268402181,2025-01-11T23:59:56.000Z,"""US oligarch Elon Musk interfering in Canadaâ€™s democracy in support of the anti-working class, corporatist Pierre Poilievre https://t.co/bVsycMHJsN https://t.co/SBDmrrbKcF""", 0
1878230384363679940,1504698265597587456,2025-01-11T23:59:54.000Z,"""The right to free speech and protest are precious.  We strongly condemn police attempts to stop an agreed march for Palestine from protesting at the BBC on 18 January.  Peace &amp; Justice Project, alongside our founder @jeremycorbyn, have proudly signed this statement.  #WeWillMarch https://t.co/IUSV6esg3S""", 0
1878230380144386135,1747050121932804096,2025-01-11T23:59:53.000Z,"""2024 Rolling Stones Award:  â€œFree Palestineâ€¦ F*ck Netanyahuâ€¦ F*ck Zionismâ€ https://t.co/IHJjpQCwmo""", 0
1878230376813822410,766602794,2025-01-11T23:59:52.000Z,"""Thereâ€™s a Sickness at the Heart of Politics &amp; Itâ€™s Called Oligarchy @GeorgeMonbiot https://t.co/7iIO9EOGPa""", 1
1878230373202620903,208546886,2025-01-11T23:59:51.000Z,"""2024 Rolling Stones Award:  â€œFree Palestineâ€¦ F*ck Netanyahuâ€¦ F*ck Zionismâ€ https://t.co/IHJjpQCwmo""", 0
1878230361177739330,2411313362,2025-01-11T23:59:48.000Z,"""The LNP has opposed wage increases for minimum wage earners &amp; just about every legislation Labor has proposed to increase workers' rights.  Why anyone would vote for them is beyond me. https://t.co/lDMTEpAYDZ""", 1
1878230346237456620,2357399340,2025-01-11T23:59:45.000Z,"""Are we all seriously expected to pretend to believe Nazis are going around spray painting ""Free Palestine"" alongside their swastikas? Are we really expected to pretend we don't know some Israel supporter did this themselves to provide political cover for the genocide in Gaza? https://t.co/0na2Mq5WSt""", 0
1878230345583124898,575624039,2025-01-11T23:59:44.000Z,"""@federalreserve @IMFNews @CIA @POTUS @FBI @realDonaldTrump @JDVance @MarkWarner @timkaine @GerryConnolly @BillClinton @BarackObama @mitchellreports The Fed, CIA, and IMF are one foot in the grave.""", 0
1878230332949877015,860077224174784512,2025-01-11T23:59:41.000Z,"""2024 Rolling Stones Award:  â€œFree Palestineâ€¦ F*ck Netanyahuâ€¦ F*ck Zionismâ€ https://t.co/IHJjpQCwmo""", 0
1878230332765618518,1357723889904742401,2025-01-11T23:59:41.000Z,"""Not gonna lie - the oligarchy going after individual Wikipedia editors has me really shook up.  They have no intention of allowing anyone to be educated. They will literally do anything to pollute the information environment into meaningless noise amd will come after any signal.""", 0
1878230325559533878,1184733007,2025-01-11T23:59:40.000Z,"""@harryjsisson Telling us to rely on this site makes me not want to rely on this.""", 0
1878230318664048732,1568356584283115522,2025-01-11T23:59:38.000Z,"""Palestinian Authority on ""Queers for Palestine.""  â€œOnce Palestine is free, not a single homosexual will be allowed to live in our pure land. Such perverted abominations will not be accepted among us.â€ https://t.co/qTBBR6Cc7m""", 0
1878230312368373853,1496195200884133896,2025-01-11T23:59:36.000Z,"""So long as we are operating on merit I'm cool. Perhaps look up what ""oligarch"" actually means. These 4 people were born in the upper/lower middle class, half of them in different countries. If this isn't the American dream, what is it? (answer in reply) https://t.co/3hCMBUzZCG""", 1
1878230297885741078,1845219336098807811,2025-01-11T23:59:33.000Z,"""@Greg66666666666 What utter rubbish. Joining a union is the best thing you can do for workers rights.""", 1
1878230297319256451,2624225925,2025-01-11T23:59:33.000Z,"""2024 Rolling Stones Award:  â€œFree Palestineâ€¦ F*ck Netanyahuâ€¦ F*ck Zionismâ€ https://t.co/IHJjpQCwmo""", 0
1878230297009181110,835458625988546561,2025-01-11T23:59:33.000Z,"""2024 Rolling Stones Award:  â€œFree Palestineâ€¦ F*ck Netanyahuâ€¦ F*ck Zionismâ€ https://t.co/IHJjpQCwmo""", 0
1878230294190575874,714366612120276993,2025-01-11T23:59:32.000Z,"""This was the funniest video of 2024. Guy was trying to compliment Israelâ€™s soccer team but the Israeli guy just keeps berating him so he flips to Free Palestine https://t.co/0KhPholxFj""", 0
1878230270395977898,701812808384704512,2025-01-11T23:59:26.000Z,"""Fuck Elon, Tommy and all the other flag-snagging racist / Islamophobes on both sides of the pond. Also, stop the fucking genocide and Free Palestine.""", 0
1878230236568920161,3034515371,2025-01-11T23:59:18.000Z,"""where are the cancel culture warriors? the free speech orgs? this doesn't stop at Palestine advocacy, colleges will use this playbook against any cause they oppose. precedent is being set. https://t.co/U5LK9wIfHv""", 0
1878230222660685878,1105513179961008130,2025-01-11T23:59:15.000Z,"""Wow. Well said @GeorgeMonbiot but other than electing the right people in all arenas, how do we peacefully overthrow the oligarchy? https://t.co/H8G7bLo6Bt""", 1
1878230221507194938,842103364880072705,2025-01-11T23:59:15.000Z,"""No other military on planet earth does these things so brazenly.  Itâ€™s so totally warped, it makes us sick to our core.  Thereâ€™s an issue here, that all humanity must collectively condemn.   Muslims, Jews, Christianâ€™s, any sane person.   Free Palestine. Hold America accountable. https://t.co/PLQl57rYyp""", 0
1878230215425405022,1638688519072751621,2025-01-11T23:59:13.000Z,"""2024 Rolling Stones Award:  â€œFree Palestineâ€¦ F*ck Netanyahuâ€¦ F*ck Zionismâ€ https://t.co/IHJjpQCwmo""", 0
1878230198178476037,865644775873028098,2025-01-11T23:59:09.000Z,"""Since I know his moma I'm gonna say great parenting. Free Palestine https://t.co/gmfmPaXphp""", 0
1878230194537762892,107365189,2025-01-11T23:59:08.000Z,"""2024 Rolling Stones Award:  â€œFree Palestineâ€¦ F*ck Netanyahuâ€¦ F*ck Zionismâ€ https://t.co/IHJjpQCwmo""", 0
1878230183117037573,1018697824282656768,2025-01-11T23:59:06.000Z,"""US oligarch Elon Musk interfering in Canadaâ€™s democracy in support of the anti-working class, corporatist Pierre Poilievre https://t.co/bVsycMHJsN https://t.co/SBDmrrbKcF""", 1
1878230179979350472,1105837955678126080,2025-01-11T23:59:05.000Z,"""If you are still standing with us and supporting us until now, and you havenâ€™t grown tired of our causeğŸ™, share this tweet and comment on it. Free Palestine ğŸ‡µğŸ‡¸âœŠ  Help me I beg you I feel racist towards my family https://t.co/rzYfI3pYIH https://t.co/jOsAXcQCMv""", 0
1878230171842416719,1421674194694246400,2025-01-11T23:59:03.000Z,"""Palestinian Authority on ""Queers for Palestine.""  â€œOnce Palestine is free, not a single homosexual will be allowed to live in our pure land. Such perverted abominations will not be accepted among us.â€ https://t.co/qTBBR6Cc7m""", 0
1878230156336046260,1552804685454594048,2025-01-11T23:58:59.000Z,"""A perfect representation of the â€œpro-Palestineâ€ movement.  A person with no connection to either Palestine or Israel. Neither Arab, Muslim or Jew. Just a smug, ill-informed hanger-on, riding the perpetual grift of â€˜Free Palestineâ€™, validated by their sweatshop fancy-dress outfit. https://t.co/KSEi1jyaF4""", 0
1878230146953695741,1582824926,2025-01-11T23:58:57.000Z,"""They will never get my vote the LNP are only interested in cutting workers rights and penalty rates only reducing items on the PBS and cutting Medicare restricting access to cheap renewable energy and putting anyone receiving government support on an indue card https://t.co/w5ydeM06k0 https://t.co/IqJsv1vlK9""", 1
1878230128540762122,318550526,2025-01-11T23:58:53.000Z,"""US oligarch Elon Musk interfering in Canadaâ€™s democracy in support of the anti-working class, corporatist Pierre Poilievre https://t.co/bVsycMHJsN https://t.co/SBDmrrbKcF""", 0
1878230126275551368,1681004105714597889,2025-01-11T23:58:52.000Z,"""2024 Rolling Stones Award:  â€œFree Palestineâ€¦ F*ck Netanyahuâ€¦ F*ck Zionismâ€ https://t.co/IHJjpQCwmo""", 0
1878230122978853281,938322191308947457,2025-01-11T23:58:51.000Z,"""So weird. I can't to you either! ğŸ¤·   Elon playing tiddlywinks with Zuck is my best guess. https://t.co/4xNLD7P9H9""", 0
1878230121762685328,160738392,2025-01-11T23:58:51.000Z,"""2024 Rolling Stones Award:  â€œFree Palestineâ€¦ F*ck Netanyahuâ€¦ F*ck Zionismâ€ https://t.co/IHJjpQCwmo""", 0
1878230113629651037,1621013265034649600,2025-01-11T23:58:49.000Z,"""2024 Rolling Stones Award:  â€œFree Palestineâ€¦ F*ck Netanyahuâ€¦ F*ck Zionismâ€ https://t.co/IHJjpQCwmo""", 0
1878230110232273379,3245243945,2025-01-11T23:58:48.000Z,"""US oligarch Elon Musk interfering in Canadaâ€™s democracy in support of the anti-working class, corporatist Pierre Poilievre https://t.co/bVsycMHJsN https://t.co/SBDmrrbKcF""", 0
1878230105740231042,1577697254734954497,2025-01-11T23:58:47.000Z,"""Wow. Well said @GeorgeMonbiot but other than electing the right people in all arenas, how do we peacefully overthrow the oligarchy? https://t.co/H8G7bLo6Bt""", 1
1878230091848622454,1252276161893236737,2025-01-11T23:58:44.000Z,"""Yesterday, we stood together to protest Senator Kathleen Kauthâ€™s hateful â€˜Stand With Womenâ€™ bill. Iâ€™m proud to and will always stand up for trans rights and fight for a Nebraska where everyone belongs. https://t.co/zPaEzLlOVz""", 0
1878230091278557340,1293365423388295168,2025-01-11T23:58:44.000Z,"""2024 Rolling Stones Award:  â€œFree Palestineâ€¦ F*ck Netanyahuâ€¦ F*ck Zionismâ€ https://t.co/IHJjpQCwmo""", 0
1878230085725003871,1941148771,2025-01-11T23:58:42.000Z,"""2024 Rolling Stones Award:  â€œFree Palestineâ€¦ F*ck Netanyahuâ€¦ F*ck Zionismâ€ https://t.co/IHJjpQCwmo""", 0
1878230080436019402,1202663497143922688,2025-01-11T23:58:41.000Z,"""This is a true leader.   Honest question?  Has Trump accepted Newsomâ€™s invite to California yet and has he said a single unifying thing about helping the victims of the fires yet?     https://t.co/ciArtH9PfA""", 0
1878230072999514394,1783852237116121088,2025-01-11T23:58:39.000Z,"""Incredible news from Seattle, WAğŸš¨ğŸš¨the dam is breaking!   TransFamilies, one of the largest â€œtrans rightsâ€ lobbying orgs in the US, has just announced they are laying off all paid staff.   @Moms4Liberty  @DIAGdemocrats  @WomenAreReals  @realchrisrufo  @BillboardChris https://t.co/nT1MlAoOnI""", 1
1878230057463718260,14100028,2025-01-11T23:58:36.000Z,"""Manchester now. Free Palestine.ğŸ‡µğŸ‡¸ğŸ‡µğŸ‡¸ğŸ‡µğŸ‡¸ğŸ‡µğŸ‡¸ https://t.co/nTg2RsPueO""", 0
1878230044809515345,1326803867921768448,2025-01-11T23:58:33.000Z,"""A fire tornado, also called a â€œfirenadoâ€ forms as the Palisades Fire continues burning, working its way closer to Brentwood and Encino, where many elite who supported Israel dropping US bombs on innocent kids in Gaza live. Karma is real.    https://t.co/2XrCJbW1a6""", 0
1878230042267836638,1101079622849097729,2025-01-11T23:58:32.000Z,"""On a crumbling building in Gaza, Palestinians write: ""We are all Palestine Action. Free the #Filton18""  We will continue to dismantle the Israeli weapons industry until Palestine is rebuilt and liberated. https://t.co/HSMPUpm7hF""", 0
1878230040787267871,1514700359834480654,2025-01-11T23:58:32.000Z,"""2024 Rolling Stones Award:  â€œFree Palestineâ€¦ F*ck Netanyahuâ€¦ F*ck Zionismâ€ https://t.co/IHJjpQCwmo""", 0
1878230040665551010,980520897848205313,2025-01-11T23:58:32.000Z,"""Are we all seriously expected to pretend to believe Nazis are going around spray painting ""Free Palestine"" alongside their swastikas? Are we really expected to pretend we don't know some Israel supporter did this themselves to provide political cover for the genocide in Gaza? https://t.co/0na2Mq5WSt""", 0
1878230032788701518,1718720077099364353,2025-01-11T23:58:30.000Z,"""@FRHoffmann1 1.American tech entrepreneurs are not oligarchs. 2. They don't decide what freedom of speech is or isn't. They simply guarantee it""", 1
1878230022466482603,1728275399476420608,2025-01-11T23:58:27.000Z,"""I live in Los Angeles.   I have smoke in my lungs, ash in my eyes, and my city is devastated.  My brother and his small children have been evacuated from their home. My elderly parents are in an â€œevacuation warning zone.â€ The fire threatening their homes has been raging for overâ€¦ https://t.co/SLjPymqG71""", 0
1878230013931123182,1021367107429289984,2025-01-11T23:58:25.000Z,"""If you are still standing with us and supporting us until now, and you havenâ€™t grown tired of our causeğŸ™, share this tweet and comment on it. Free Palestine ğŸ‡µğŸ‡¸âœŠ  Help me I beg you I feel racist towards my family https://t.co/rzYfI3pYIH https://t.co/jOsAXcQCMv""", 0
1878230001805652220,238446507,2025-01-11T23:58:22.000Z,"""@AdameMedia Free Palestine ğŸ‡µğŸ‡¸ https://t.co/7rb8zLGmaT""", 0



1878592788746662042,1297246808624771074,2025-01-12T23:59:58.000Z,"""å¼±ã„å‹•ç‰©é”ã‚’æƒ¨æ®ºã—ã¾ãã‚Šã€ã‚ãªãŸæ–¹ã¯å…¨ãå¹³æ°—ãªã‚“ã§ã™ã‹ï¼Ÿ æ™®é€šãªã‚‰ä½•å„„è²°ãˆã‚‹ã¨ã—ã¦ã‚‚å‡ºæ¥ã¾ã›ã‚“ï¼ï¼ ã©ã†ã—ãŸã‚‰ã“ã‚“ãªé…·ã„äº‹ãŒå‡ºæ¥ã‚‹ã®ã‹ï¼Ÿ ç†è§£ã«è‹¦ã—ã¿ã¾ã™ï¼ï¼ #å‹•ç‰©è™å¾…ã‚’è¨±ã•ãªã„  #stopchinacattorture #felineguadians å‹•ç‰©è™å¾…ç¦æ­¢æ³•ã®åˆ¶å®šã‚’ï¼ï¼ï¼ï¼ï¼ï¼ï¼ï¼ https://t.co/cx83Sql2TA""", 0
1878592786553045090,1942831579,2025-01-12T23:59:57.000Z,"""Deep state guys in DC didnâ€™t recognize me.   They never do.  The hunter has become the hunted! https://t.co/IyareIEGe3""", 0
1878592776528687211,844624746750849028,2025-01-12T23:59:55.000Z,"""Why do so many feel like they've fallen behind?  It's not because of immigrants, trans people, the â€œdeep state,â€ or any other bogeyman trotted out by the GOP.   It's because big corporations and billionaires have rigged markets and siphoned off most of the economy's gains.""", 1
1878592775303876698,1296820042613559296,2025-01-12T23:59:54.000Z,"""Why do so many feel like they've fallen behind?  It's not because of immigrants, trans people, the â€œdeep state,â€ or any other bogeyman trotted out by the GOP.   It's because big corporations and billionaires have rigged markets and siphoned off most of the economy's gains.""", 1
1878592773798101484,1765738474836254720,2025-01-12T23:59:54.000Z,"""å®Œäº†âœ…  #ã‚¬ãƒ¼ãƒ‡ãƒ³æ±å¤§å®® #ã‚ã¨å‡ºã‚‹ #PR https://t.co/FKUi7RnLvK""", 0
1878592770006565158,1820637308418486272,2025-01-12T23:59:53.000Z,"""SAT. 11 JAN. 2025: BREAKING: JANUARY 2025 EMERGENCY BROADCAST CONFIRMED â€“ $15 Trillion Wealth Redistribution, GESARA Wealth Unleashed, and the Biggest Wealth Transfer in History Begins! â€¦Charlie Ward on Telegram  Â· Antarcticaâ€™s Deep-State Fortress: Even Darker Secrets Uncoveredâ€¦ https://t.co/gssIvascMM""", 0
1878592769457062067,1640502496920494080,2025-01-12T23:59:53.000Z,"""BREAKING: Canada Member of Parliament and New Democratic Party leader Jagmeet Singh issues a stern warning to President-elect Trump.  ""If you think you can pick a fight with us, there will be a price to pay.""  ""Our country's not for sale. Not now, not ever [...] We're ready toâ€¦ https://t.co/jgqr6OJUbX https://t.co/bIXQgSk4tE""", 0
1878592765929701885,1868698197646098437,2025-01-12T23:59:52.000Z,"""@elonmusk They are gonna obliterate the deep state!! https://t.co/Y2etJIRzlh""", 1
1878592765199839668,1779137713595437056,2025-01-12T23:59:52.000Z,"""If you are praying for Donald Trump's safety from the Deep State Regime, reply with ""Amen"" ğŸ™ https://t.co/yEK1BKBVNg""", 0
1878592764331663595,955180125955469317,2025-01-12T23:59:52.000Z,"""@defence2attack @RenMasterSensei So Madrid has a higher chance of coming back if they are facing 11 players and a better keeper than 10 players and a worse keeper? I'm trying to follow your logic here""", 0
1878592762213445839,1777263958837051392,2025-01-12T23:59:51.000Z,"""If you are praying for Donald Trump's safety from the Deep State Regime, reply with ""Amen"" ğŸ™ https://t.co/yEK1BKBVNg""", 0
1878592761789841914,1876300715729256448,2025-01-12T23:59:51.000Z,"""ğŸ‡ºğŸ‡¸ TRUMP ğŸ‘Š VANCE ğŸ‡ºğŸ‡¸ â­ï¸ 8 MORE DAYS â­ï¸ FAFO TIME IS ALMOST HERE OBLIDERATE DEEP STATE ğŸ‡ºğŸ‡¸ğŸ’ğŸ‡ºğŸ‡¸ MAGA ğŸ‡ºğŸ‡¸ğŸ’ğŸ‡ºğŸ‡¸ ğŸ‡ºğŸ‡¸ @DixieReLoadz  ğŸ‡ºğŸ‡¸ @WhatDaFookNC  ğŸ‡ºğŸ‡¸ @LesterGarrison9  ğŸ‡ºğŸ‡¸ @Richardwoznick1  ğŸ‡ºğŸ‡¸ @PatriotRayUSA  ğŸ‡ºğŸ‡¸ @Bluepit19651  ğŸ‘ŠğŸ‘ŠğŸ‘Š ğŸ‡ºğŸ‡¸ @hoosier_4life  ğŸ‡ºğŸ‡¸ @Kqueen80821100  ğŸ‡ºğŸ‡¸â€¦ https://t.co/blxLd5tXjQ https://t.co/keoPlZrV7G""", 1
1878592760095363560,260920761,2025-01-12T23:59:51.000Z,"""Whatâ€™s moreâ€¦is even I post the disguise, deep state actors still DM! Worst counter intelligence ever by people who specialize in counter intelligence!  Our Govt is seriously broken. https://t.co/0v9ODCpxGY""", 0
1878592752113557665,1464675283043291138,2025-01-12T23:59:49.000Z,"""Most Democrats still don't realize this, but if Trump fulfills all his major promises, like draining the swamp, terminating the deep state, &amp; ending censorship, he will get to control the White House until the day he dies.  Dems won't get anywhere close to the White House for aâ€¦ https://t.co/5zxBN0NRyD https://t.co/grliD4WmR1""", 1
1878592746635801016,1638301193792307202,2025-01-12T23:59:48.000Z,"""The Flynn Network ğŸš«  Do you all see?   This is why you are not allowed to grow on this platform unless you play 'The Game'. Which is peddle Deep State narratives that supports the Military Industrial Complex.  I will say this once again. Most of the popular conservative accountsâ€¦ https://t.co/AzT436V4JB https://t.co/Py1IanQ8jk https://t.co/1D4Om3vAGd""", 1
1878592727220469937,1867200821382856704,2025-01-12T23:59:43.000Z,"""@realTrumpNewsX B. No, I do not stand with any Deep State programsâ€¦money launderingâ€¦""", 0
1878592721474208122,1955232157,2025-01-12T23:59:42.000Z,"""Gracias a @miaamoroso29 y @ZorakLib por la invitaciÃ³n a La LegiÃ³n. Son de primera. Gracias tambiÃ©n al tipazo @FlavioArenales por esta GIGA remera. EstÃ¡ completamente espectacular. Y por supuesto, gracias a mi amigo @RINO_LLA y a @NYGBertie por la buena onda de siempre. https://t.co/2SFc7SxS3d""", 0
1878592712758444376,1312276527149588480,2025-01-12T23:59:39.000Z,"""@Emolclause Garland has been part of the deep state since Oklahoma City.""", 0
1878592707205214562,1270048614165987328,2025-01-12T23:59:38.000Z,"""Mel Gibson: IncÃªndios florestais em Los Angeles sÃ£o um ""trabalho interno"" do Deep State  Sigam o ğŸ§¶ğŸ‘‡  Mel Gibson afirma que os incÃªndios florestais de Los Angeles foram iniciados por agentes do ""Estado Profundo"" que querem transformar Los Angeles em uma cidade de 15 minutos.  Emâ€¦ https://t.co/ZhS2Yfs8ta https://t.co/ALXTMm1H1e""", 0
1878592702729826551,1724246989548957696,2025-01-12T23:59:37.000Z,"""âœ¨ğŸ«§ã‚µãƒ³ãƒªã‚ª ã‚³ãƒ©ãƒœLIVEæ˜ åƒğŸ«§âœ¨  1/12(æ—¥) ã€æ¨ã—æ´»ãƒ”ãƒ¥ãƒ¼ãƒ­ãƒ©ãƒ³ãƒ‰ãƒ•ã‚§ã‚¹Ã—CANDY TUNEã€ ğŸ“ã‚µãƒ³ãƒªã‚ªãƒ”ãƒ¥ãƒ¼ãƒ­ãƒ©ãƒ³ãƒ‰  ã€hanamaruã€ã‚’ğŸŒ¸ ã¾ã‚‹ã¾ã‚‹ã¡ã‚ƒã‚“ã¨ã‚³ãƒ©ãƒœğŸ’®ğŸ«¶ğŸ»  æœ€å¾Œã‚¸ãƒ£ãƒ³ãƒ—ã™ã‚‹ã‚“ã§ã™â€¦çµ¶å¯¾è¦‹ã¦â€¦â•  â–¼2å‘¨å¹´ãƒ„ã‚¢ãƒ¼ğŸ¬ https://t.co/pfVDjnG4IF  ğŸ©µç¦å±±æ¢¨ä¹ƒã€€@rino_ct1224  ğŸ’šå°å·å¥ˆã€…å­â€¦ https://t.co/J03Nayb369 https://t.co/04594TAmZS""", 0
1878592698556506368,787072567,2025-01-12T23:59:36.000Z,"""With the wildfires, Democrats blame Trump &amp; climate change.  With the border crisis, Democrats also blamed Trump &amp; climate change.   Democrats are experts at politicizing a crisis rather than taking accountability for their own failed leadership.""", 0
1878592693342961728,1817970327152152576,2025-01-12T23:59:35.000Z,"""ğŸš¨#BREAKING! WILDFIRE Arson *UPDATE!  THEY are lighting FIRES on CAMERA! ğŸ˜¡  We have captured AT LEAST 20 DIFFERENT men who ALL look fairly SIMILAR who have all be caught trying to start or LITERALLY STARTING fires.  NO ONE is doing  thing about it! https://t.co/TrRMMMYRfn""", 0
1878592690461569339,1597415931877396481,2025-01-12T23:59:34.000Z,"""@OANN This pos is the deep state at its worst!!!! Good riddance!!!! The world is now a little safer without him!!!!""", 0
1878592689157165551,1594499001801674753,2025-01-12T23:59:34.000Z,"""Deep state guys in DC didnâ€™t recognize me.   They never do.  The hunter has become the hunted! https://t.co/IyareIEGe3""", 0
1878592675546628141,348448440,2025-01-12T23:59:31.000Z,"""Ghana's president scraps seven ministries in cost-cutting move  Ghana President John Mahama has reduced the countryâ€™s ministries from 30 to 23 in a bid to cut government spending.  Mahamaâ€™s decision â€“ an executive order â€“ to trim the number of government ministries was containedâ€¦ https://t.co/sTBzYcL5c5 https://t.co/unuSkns7Rj""", 0
1878592671171907859,1574560301181456384,2025-01-12T23:59:30.000Z,"""If you are praying for Donald Trump's safety from the Deep State Regime, reply with ""Amen"" ğŸ™ https://t.co/yEK1BKBVNg""", 0
1878592669397758271,1748395963419340800,2025-01-12T23:59:29.000Z,"""Simple Question!   Do you support me and Trump COMPLETELY draining the SWAMP? We're talking a FULL SWAMP DRAIN.  A) Yes B) No https://t.co/hqIlRnXJUm""", 1
1878592664805028138,1766633235985907712,2025-01-12T23:59:28.000Z,"""Mel Gibson: IncÃªndios florestais em Los Angeles sÃ£o um ""trabalho interno"" do Deep State  Sigam o ğŸ§¶ğŸ‘‡  Mel Gibson afirma que os incÃªndios florestais de Los Angeles foram iniciados por agentes do ""Estado Profundo"" que querem transformar Los Angeles em uma cidade de 15 minutos.  Emâ€¦ https://t.co/ZhS2Yfs8ta https://t.co/ALXTMm1H1e""", 0
1878592660124119345,1837329745119182849,2025-01-12T23:59:27.000Z,"""ğŸš¨BREAKING: Rep. Jim Jordan is calling on the House to open an investigation into the original January 6th Committee and issue subpoenas to Liz Cheney, Nancy Pelosi, Adam Kinzinger and Adam Schiff.   Do you support this? A) Yes B) No https://t.co/5joirfOGKR""", 0
1878592658639372393,1833540193644875776,2025-01-12T23:59:27.000Z,"""Some California residents get extra protection from wildfires â€“ for a price https://t.co/UPUWwtBCyY""", 0
1878592658576388377,912064087676383233,2025-01-12T23:59:27.000Z,"""Gnosticism was made by the deep state. It twists the whole story of Jesus to match their agenda to not only infiltrate Christianity but also to justify their rulership by claiming to be the descendants of Jesus.""", 0
1878592656936501702,1432144196220198912,2025-01-12T23:59:26.000Z,"""ğŸš¨BREAKING:     Rob Reiner says he will set himself on fire when Donald Trump becomes the President  Thoughts? https://t.co/oWCTIUTsCO""", 0
1878592654881276228,1134414189026582528,2025-01-12T23:59:26.000Z,"""George W. Bush will be remembered as? https://t.co/eqg2cwN3Bc""", 0
1878592653765529684,1808539020634509312,2025-01-12T23:59:25.000Z,"""If you are praying for Donald Trump's safety from the Deep State Regime, reply with ""Amen"" ğŸ™ https://t.co/yEK1BKBVNg""", 0
1878592645028803045,1478924830254804992,2025-01-12T23:59:23.000Z,"""ğŸš¨BREAKING: CNN reports significant concerns in Washington over the appointment of Kash Patel as FBI director. Critics fear he could leverage the role to target political opponents, declassify sensitive materials, and dismiss long-serving civil servants.  What's your reaction? https://t.co/pkto2Uknnb""", 0
1878592644638810472,1352035561737957377,2025-01-12T23:59:23.000Z,"""People are breaking down on TikTok because they just realized Obamacare *is* the Affordable Care Act.    The heartbreaking part? So many have pre-existing conditions.   One man admitted he voted for Trump without knowing it was Obamacare that allowed his mother with stage 4â€¦ https://t.co/SoMJ6qp8JS""", 0
1878592636401176999,386270422,2025-01-12T23:59:21.000Z,"""It was about 1. The Great Replacement  2. Crash America with debt and crime so it can be rebuilt by the NWO/Deep state  3. Cheap Labor for corporations  4. Money laundering via NGOâ€™s 5. Permanent Democratic voting class  6. Increase population in blue states for more seats Did Iâ€¦ https://t.co/qiZ2bY600A https://t.co/ULNgOM8pdp""", 0
1878592635390361997,113505346,2025-01-12T23:59:21.000Z,"""Trump and his oligarchs have always been the deep state.""", 1
1878592633146343677,1637334380950724608,2025-01-12T23:59:20.000Z,"""@audi_sport_USJ æ…£ã‚Œã‚‹ã¨æ¥½ã—ã„ã§ã™ã‚ˆãƒ¼ç§ã‚‚åˆã‚ã¯å¾Œã‹ã‚‰ã˜ã£ã¨è¦‹ã¦ã¾ã—ãŸğŸ¤­""", 0
1878592629711286431,1840714478868176896,2025-01-12T23:59:20.000Z,"""I have received multiple calls from J6ers in prison, and family members of J6ers today.    I truly do not think @JDVance understands the harm he has caused.  To say these folks are upset is a gross understatement.  Tears are aplenty and it is so so unnecessary.    This J6â€¦ https://t.co/Q39YuPomwM""", 0
1878592628800807226,1863312697044897792,2025-01-12T23:59:19.000Z,"""BTC will crash to zero when the deep state collapses""", 0
1878592627572146541,1755400046416154624,2025-01-12T23:59:19.000Z,"""POSSIBLE TIMING:  Â· On Wed. 15 Jan 2025 a 48-Hour Communication Blackout will begin. There will be GCR GESARA Worldwide Wealth Redistribution while the depth of corruption of the Satan Worshipping Pedophile Child Sacrificing Deep State Cabal will be revealed including evidence ofâ€¦ https://t.co/IRvnbc7Qes""", 1
1878592616171974992,40377794,2025-01-12T23:59:16.000Z,"""Why do so many feel like they've fallen behind?  It's not because of immigrants, trans people, the â€œdeep state,â€ or any other bogeyman trotted out by the GOP.   It's because big corporations and billionaires have rigged markets and siphoned off most of the economy's gains.""", 1
1878592615123485015,1819451754808799232,2025-01-12T23:59:16.000Z,"""â€œLater comes the arrest part!â€  Well, the investigations part is complete and now its arrest time!  Please keep your word, @RepClayHiggins .  Criminal referral should be flying left and right over to the DOJ for every member of the Deep State Target list.  Letâ€™s go before Jan 20â€¦ https://t.co/lznEMcgwsH https://t.co/TZUWjYBS6M""", 0
1878592597897445811,1667057279714172928,2025-01-12T23:59:12.000Z,"""If these are the men that stood in Enugu to produce  Ohaneze Ndigbo president , whatâ€™s is your take ? , have you seen that Ohaneze Ndigbo is controlled by a deep state , South East Governors , former governors , ministers , retired Army generals, former senators , former Federalâ€¦ https://t.co/7TlvdQTeLJ https://t.co/yHNnbO7EVe""", 0
1878592597549265264,436584292,2025-01-12T23:59:12.000Z,"""The Flynn Network ğŸš«  Do you all see?   This is why you are not allowed to grow on this platform unless you play 'The Game'. Which is peddle Deep State narratives that supports the Military Industrial Complex.  I will say this once again. Most of the popular conservative accountsâ€¦ https://t.co/AzT436V4JB https://t.co/Py1IanQ8jk https://t.co/1D4Om3vAGd""", 1
1878592596991459435,1426807419074580481,2025-01-12T23:59:12.000Z,"""If you are praying for Donald Trump's safety from the Deep State Regime, reply with ""Amen"" ğŸ™ https://t.co/yEK1BKBVNg""", 0
1878592590393880757,1498270483166351360,2025-01-12T23:59:10.000Z,"""Deep state guys in DC didnâ€™t recognize me.   They never do.  The hunter has become the hunted! https://t.co/IyareIEGe3""", 0
1878592579459268720,1727668942716510208,2025-01-12T23:59:08.000Z,"""@MQMOD23 @infinteuni67805 @ArthurDent2024 @WallStreetApes From my understanding, since Obamacare, the insurances companies are regulated by Gov &amp; have to pay hospitals higher prices to cover the uninsured. Then those insurance companies pass it back on us. For example my premium for Blue Cross is $1300 month. Pre Obamacare it was $650.""", 1
1878592576615592396,937343038048886789,2025-01-12T23:59:07.000Z,"""elon lost the trust of all gamers overnight. boosting your account and lying about it is the worst offense. incredibly cringe, fragile ego on full display""", 0
1878592570080772428,792410491,2025-01-12T23:59:05.000Z,"""@ElonMuskOde 0 is higher than he deserves!  He sold his soul to the Deep State by undermining truths; he was a key instrument in nearly destroying America.  The Bible states we will reap what we sow.""", 0
1878592566444380227,1821264772861718531,2025-01-12T23:59:05.000Z,"""@dotconnectinga Translation: The deep state will be conducting operations against its own country from now until the inauguration.""", 1

1878955179493699674,3227567990,2025-01-13T23:59:58.000Z,"""@scottmelker I think he's representing a position, not evaluating it on his own.""", 0
1878955177786614266,1690250048083243008,2025-01-13T23:59:58.000Z,"""Should George Soros, his money, and all his organizations be banned from American politics?   A. YES  B. NO https://t.co/9LCndEKnGQ""", 0
1878955177656696980,1355588167139786754,2025-01-13T23:59:58.000Z,"""ğŸ”¥ @SoSoValueCrypto Sector Mover | Jan 14 Top 3 ğŸ“ˆ -  PayFi +0.06% / BTC +0.06%  Top 3 ğŸ“‰ -  NFT -4.16% / Layer2 -4.02% / ETH -3.94%   Explore more key information on #SoSoValue: https://t.co/Hcm6uqxbu0""", 0
1878955177421729969,2157677637,2025-01-13T23:59:58.000Z,"""if i were github i would simply never have an outage""", 0
1878955176708677909,1860015575310929921,2025-01-13T23:59:58.000Z,"""@GrandeFratello E nienteâ€¦ Siete dei pagliacci. Vi siete messi dâ€™accordo con naso colante per non prendervi denunce da lei e dal codacons da parte degli scemenzo. Non lo guardo piÃ¹   ğŸ¤¡ğŸ¤¡ğŸ¤¡ğŸ¤¡ğŸ¤¡ğŸ¤¡ğŸ¤¡ğŸ¤¡ğŸ¤¡ğŸ¤¡ğŸ¤¡ğŸ¤¡ğŸ¤¡ #grandefratello https://t.co/hbhRz5hZjW""", 0
1878955176419369443,3881310563,2025-01-13T23:59:58.000Z,"""@AlekosPrete Ma basta! Siete NOIOSI con 'sta storia dei neonazisti. Inventatevene una nuova, suvvia!""", 0
1878955176008294407,1686401923333734400,2025-01-13T23:59:57.000Z,"""This is not simply negligence. This is criminal negligence. The DEI vermin responsible for this travesty must be indicted for a catastrophic failure of unimaginable magnitude. https://t.co/6bddmbo3ih""", 1
1878955174842278305,51921726,2025-01-13T23:59:57.000Z,"""NEW: The Biden admin quietly authorized $1 million for DEI programs in Kenya, Guatemala, and Indonesia. https://t.co/RcMqmVQi02""", 1
1878955169674842254,1128391594971926529,2025-01-13T23:59:56.000Z,"""Should I go on @Timcast tonight?""", 0
1878955169322516490,547346634,2025-01-13T23:59:56.000Z,"""INDIGNANTE!! En Santa Fe Pullaro te cobra el 7% de Ingresos Brutos. Mientras en otros distritos te cobran la abultada suma del 3% y Milei baja los impuestos. Maxi Pullaro un radical amigo y socio de Lousteau y Yacobitti quieren joder a Milei. MÃ¡xima difusiÃ³n! ğŸ¤¬ğŸ”¥ğŸ¤¬ https://t.co/XmonL2cr4x""", 0
1878955168567607586,1680954535479582720,2025-01-13T23:59:56.000Z,"""start putting feet on my tl bro https://t.co/YQmTGUdiFD""", 0
1878955168064241831,896215927,2025-01-13T23:59:56.000Z,"""The question of how exactly the right will deal with climate change disasters when they start hitting is I guess being answered now, which is to argue that they are caused by bad mitigation preparations which is itself caused by affirmative action. Kind of wild, but makes sense.""", 1
1878955167846215873,1465469040550457347,2025-01-13T23:59:55.000Z,"""Per colpa dei vari fandom Ã¨ stata eliminata una grande concorrente  Stasera non dovevano essere eliminate nÃ© Helena nÃ© Shaila ma Ilaria che lÃ¬ dentro Ã¨ del tutto indifferente #grandefratello""", 0
1878955166315294932,1560369662604492802,2025-01-13T23:59:55.000Z,"""Dei pro namorado pauzudo da minha irmÃ£   ğŸ¥ NEW VÃDEO ğŸ¥ https://t.co/7QUL2Iu4BP https://t.co/r7xNh9p4BK""", 0
1878955166206243096,1161231830,2025-01-13T23:59:55.000Z,"""-Of course, I diversify my portfolio, I'm not insane?!  buying $SIGMA right now is like buying Bitcoin in 2013 https://t.co/nBVB39dS56""", 0
1878955165937778976,1437931673228877824,2025-01-13T23:59:55.000Z,"""@smithsguild @ElonClipsX DEI programs were never mandatory.  The program came with a small amount of money for companies that did the TRAINING.  Unlike Affirmative Action there were never any hiring quotas.  DEI was always about raising awareness of how merit often comes in different shades.""", 1
1878955164276756483,2470064492,2025-01-13T23:59:55.000Z,"""""Wherever we're needed, we go. ğŸš¶â€â™€ï¸ğŸ’« Solidarity and brotherhood guide our every step. ğŸŒâœ¨ Radical Love: not just our philosophy, but our way of life. â¤ï¸ğŸŒ± #RadicalLove #Solidarity #Brotherhood #WalkTogether"" https://t.co/hUs4XRG6DF""", 0
1878955161927979197,2157677637,2025-01-13T23:59:54.000Z,"""2ï¸âƒ£5ï¸âƒ£â€™s + Ja ğŸ«¡  LIKE + RT IF RIDINGâš¡ï¸ $25 AFTER WE CASHğŸ¤  LFG https://t.co/kwMb0uMVWH""", 0
1878955161621852373,1834778476622327808,2025-01-13T23:59:54.000Z,"""CA Rep Maxine Waters takes umbrage with criticism of Democrats' handling of LA Wildfires: Maxine Waters: ""nstead of talking about Democrats and Republicans. Get the information up on the screens."" Chris Cuomo: ""However, it can also be seen that you don't want to talk about theâ€¦ https://t.co/BgDM7OOI8i https://t.co/4wpu0jyGuz""", 0
1878955161198153956,1638465371878354945,2025-01-13T23:59:54.000Z,"""In Assia, nonostante numerose proteste, il governo CDU fa abbattere alberi fino a 200 anni nel leggendario bosco Reinhardswald, quello delle fiabe dei fratelli Grimm per installare enormi turbine eoliche alte 240 metri. A tale scopo non solo vengono creati i cantieri, ma vengonoâ€¦ https://t.co/4gqQLhZxCN https://t.co/qUWuz3jJI7""", 0
1878955161139454435,1687899036706050048,2025-01-13T23:59:54.000Z,"""George Soros, lo speculatore che nel 1992 colpÃ¬ la nostra economia danneggiando le tasche dei cittadini italiani, ha finanziato attraverso la sua rete partiti italiani di sinistra con milioni e milioni di euro che non hanno provato alcuna vergogna nel prendere soldi da taleâ€¦ https://t.co/2aTHpm5XKi https://t.co/gPOTDn94oi""", 0
1878955160799682900,1295508343247843328,2025-01-13T23:59:54.000Z,"""@v_joron il faut aussi censurer les radios la presse qui inluencent les Ã©lecteurs et .... Soros qui se mÃªle de tout @JphTanguy @Guillaume_Bigot https://t.co/fdDxxvVq6p""", 0
1878955159969259830,3227567990,2025-01-13T23:59:54.000Z,"""The Wolf Den #1115 - States Eye Bitcoin: The Next Big Treasury Asset?, by @scottmelker https://t.co/Moxa5aNAYO https://t.co/i4B1VnFQta""", 0
1878955158874488993,1905511152,2025-01-13T23:59:53.000Z,"""ELON MUSK GOT 4.9 billion dollars in government subsidies BEFORE AMERICAN CITIZENS WHO ANCESTORS BEEN ON THIS LAND SINCE THE 1700s WHO ARE EQUALLY QUALIFIED .   ELON MUSK IS A DEI HIRE""", 1
1878955158543221028,1871501685916643329,2025-01-13T23:59:53.000Z,"""Questo Ã¨ quello che diceva di sputare nei  piatti dei novax?  https://t.co/IrDLNa6B2S https://t.co/dbPD2ym2h7""", 0
1878955157976973312,1634809904241451009,2025-01-13T23:59:53.000Z,"""How is your DEI mayor of LA working out for you?  Hiring based on skin color, gender quotas, and identity has virtually destroyed this country.  But keep your racism coming because thatâ€™s the only thing Patriot Takes has. https://t.co/MigogvlXgp""", 1
1878955155334578338,1151191565886545921,2025-01-13T23:59:52.000Z,"""Notare chi ha ripostato la stronzata dell'amico e collega del propagandone @AndreaLucidi: centinaia di bot con 0 followers nati a gennaio 25, e queste sono solo le prime 4 schermate Anche cosÃ¬ funziona la propaganda che fa presa sulle deboli menti dei sottosviluppati ciucciaputin https://t.co/AjeWLStBQM https://t.co/knhj0EHEIQ""", 0
1878955154789261766,1870236126297878528,2025-01-13T23:59:52.000Z,"""@ValerioAntoPres Caro Pres, io sono tra quelli che ha vissuto le imprese di 30 anni fa e ancora ho i brividi a sentire lâ€™inno storico del Trapani Basket. Non so se lo scollamento con la vecchia societÃ  Ã¨ voluto o accidentale, le dico solo che con lâ€™inno di Mannella verrebbe giÃ¹ il Palazzo!""", 0
1878955154608910576,1856271505971101696,2025-01-13T23:59:52.000Z,"""main product goals for @mobyagent   1. data driven market analysis akin to $aixbt but with different modeling and proprietary datasets from @whalewatchalert   2. a curated and personalized approach to assisting you with your portfolio (analyze, research, make trades)  3. completeâ€¦ https://t.co/a2Vz6VN7Kq https://t.co/64rTTyoC9z""", 0
1878955154604745036,919507404017909760,2025-01-13T23:59:52.000Z,"""@HeQinglian DEIä¸­çš„inclusion ï¼Œåº”è¯¥ç¿»è¯‘æˆâ€œå®¹å¿â€ï¼ ä¸ºä»€ä¹ˆè¦å®¹å¿ï¼Ÿå°±æ˜¯æ‰“é¢„é˜²é’ˆï¼šå®ƒä»¬å¯ä»¥ä¸§å°½å¤©è‰¯ï¼Œä½†æ­£å¸¸äººè¦å¿æ°”åå£°ï¼""", 0
1878955152264282208,1828573269940633600,2025-01-13T23:59:52.000Z,"""DEI  https://t.co/ltfS0Hzser""", 0
1878955151454884125,1154124862698471424,2025-01-13T23:59:52.000Z,"""Goodbye Gavin https://t.co/ckVaAFPwRf""", 0
1878955150884372931,470764951,2025-01-13T23:59:51.000Z,"""I HATE DEI! https://t.co/VDEKJ1GFAO""", 1
1878955150720782567,886942458487070723,2025-01-13T23:59:51.000Z,"""This is what happens when politicians tolerate radical Islamofascist ideology because they only care about votes.  We need to stop normalizing Jihadi and antisemitic ideology under the guise of ""multiculturalism and diversity"".  Terrorism isn't ""multiculturalism"". https://t.co/72wlEZQy2p""", 1
1878955148992712943,1497706406883041291,2025-01-13T23:59:51.000Z,"""@SaraAna_lyse @carlosM77315099 @RuiPaiva5 Vai de cada um se quer ou nÃ£o estudar. Eu quis estudar, fiz a licenciatura e jÃ¡ estou a trabalhar. Ainda tenciono fazer mestrado. Sabes o problema? Ã‰ que a ditadura salazarista que muitos viveram estÃ£o a comparar com as ideias que o CHEGA tem e Ã© aÃ­ que comeÃ§a o erro.""", 0
1878955148673966177,898902415646314496,2025-01-13T23:59:51.000Z,"""Has Soros found another job for the illegals? https://t.co/PWulP0YQJl""", 0
1878955146979459395,429803954,2025-01-13T23:59:50.000Z,"""#AlbertoCosta â¡ï¸ #Juventus â˜‘ï¸  Primo acquisto di gennaio dei bianconeri: operazione a titolo definitivo dal #VitoriaSC ğŸ‡µğŸ‡¹ https://t.co/fMhiv4GLsW""", 0
1878955146648195573,1353154076,2025-01-13T23:59:50.000Z,"""@elonmusk How much of your Twitter/X ownership is leveraged off of tesla shares?  Tesla is not bankrupt because of taxpayer dollars. And look at the amount of propaganda you keep spewing on Twitter/X. ğŸ¤·â€â™‚ï¸. Facts are pesky.""", 1
1878955146157392264,1303041213973622785,2025-01-13T23:59:50.000Z,"""This is Nate Sharp, the @TAMU dean whose department is sponsoring a trip to a DEI conference that prohibits whites and Asians from attending. In his application for the job, Sharp declared his ""unwavering commitment"" to DEI. He is now breaking the law to support it. https://t.co/FLlrygN4jl""", 1
1878955144404201813,1461632197404856323,2025-01-13T23:59:50.000Z,"""One big thing DEI sentiment shift is showing is how full of shit corporations are. If a few months ago DEI was â€œat the heart of company valuesâ€ and â€œin your DNAâ€ or whatever and now boom youâ€™re ending these â€œharmful initiativesâ€ etc, itâ€™s all performative, pandering BS both ways.""", 1
1878955144202912212,1347749616,2025-01-13T23:59:50.000Z,"""@JakeGagain Hawk https://t.co/ATu2X08Qth""", 0
1878955143909249057,2157677637,2025-01-13T23:59:50.000Z,"""$300 Free Contest locks 8pm tonight""", 0
1878955142562861437,1675356974488203265,2025-01-13T23:59:49.000Z,"""I servizi segreti americani registrano un aumento dei casi di rilevamento di â€œordigni esplosivi mimetizzatiâ€ su aerei in volo dall'Europa verso Usa e Canada, tradizionalmente incolpando di tutto la Russia.""", 0
1878955140927074812,1860015575310929921,2025-01-13T23:59:49.000Z,"""@GrandeFratello Il GF ha deciso non il pubblico vergogna questo Ã¨ uno dei tanti sondaggi e sono tutti cosÃ¬ https://t.co/UaKb0aJwTt""", 0
1878955139916296363,3309689224,2025-01-13T23:59:49.000Z,"""uscendo l'unica pazza che metteva attrito ormai l'edizione Ã¨ in mano al cringe degli shailenzo l'apatia di metÃ  cast e il nulla mischiato al niente dei nuovi un successone che piacerÃ  giusto ai 10 che hanno usato i bot il pelato dovrÃ  sperare nel miracolo https://t.co/zeyTPezRGe""", 0
1878955139404538302,3227567990,2025-01-13T23:59:49.000Z,"""@scottmelker He also has a large stake in MSTR shares, estimated over 600,000""", 0
1878955138855133562,1729291043462422528,2025-01-13T23:59:49.000Z,"""This is Nate Sharp, the @TAMU dean whose department is sponsoring a trip to a DEI conference that prohibits whites and Asians from attending. In his application for the job, Sharp declared his ""unwavering commitment"" to DEI. He is now breaking the law to support it. https://t.co/FLlrygN4jl""", 1
1878955138771231160,330414774,2025-01-13T23:59:49.000Z,"""The Secretary of Defenseâ€™s job is to lead our troops and keep our country safe.  Itâ€™s a position that requires a steady and drama-free nominee.  But weâ€™ve all read reports about Pete Hegsethâ€™s radical views, alleged excessive drinking, allegations about sexual assault, andâ€¦ https://t.co/M4szRBuSKA""", 0
1878955138536407066,918813768418775040,2025-01-13T23:59:48.000Z,"""Moderna shares tumble 17% last night Fuck those murdering bastards I hope they lose everything""", 0
1878955138452500618,4871154365,2025-01-13T23:59:48.000Z,"""My portfolio is up with $PHNIX ğŸ“ˆ while Bitcoin is down ğŸ“‰ and other altcoins are also down ğŸ“‰.""", 0
1878955138192437601,1716613376720121856,2025-01-13T23:59:48.000Z,"""The misinformed, eejit reporter who called TW: Princess Markle ğŸ™„in what realm has she EVER been called THAT?? @SusanHirasuna brush up or shutup! Learn who you are speaking about PRIOR to reporting! https://t.co/03EELpTxnP""", 0
1878955135994564749,1579635043240132608,2025-01-13T23:59:48.000Z,"""@Kessler53Maria   Bendiciones ğŸ™ğŸ™ğŸ™ https://t.co/IAqcozmh7g""", 0
1878955135373840756,1560369662604492802,2025-01-13T23:59:48.000Z,"""FUI ABASTECER NO POSTO NA MAGINAL E POR SORTE ENCONTREI ESSE COROA FRENTISITA BEM NO HORÃRIO DE ALMOÃ‡O DEI UMAS IDÃ‰IAS CHAMEI PRO MOTEL E NÃƒO DEU OUTRA ELE SOCO A LEITERA NO MEU RABO E GOZOU GOSTOSO ğŸ˜‹  COMPLETO SEM CENSURA ğŸ‘‡  https://t.co/sgNOxG7h6t https://t.co/qGgQCdhfjx""", 0
1878955135227117932,4909464202,2025-01-13T23:59:48.000Z,"""Ma le ""ingerenze"" le fa Musk (Da un mio vecchio pezzo su Libero). #Musk #13gennaio #Soros #ElonMusk #IlPd https://t.co/FIJG27AZRs""", 0
1878955132089667590,1438992675982778369,2025-01-13T23:59:47.000Z,"""vocÃª estÃ¡ quanto tempo sem fuder?""", 0
1878955130651132000,3040253247,2025-01-13T23:59:47.000Z,"""La gauche totalitaire, qui veut interdire ce qui potentiellement peut la contredire, qui veut bannir ce qu'elle ne contrÃ´le pas intÃ©gralement. https://t.co/6Iq4jIkbZX""", 0
1878955127459217678,73600202,2025-01-13T23:59:46.000Z,"""@Breaking911 ğŸ˜‚ğŸ˜‚ Let's make a list of all the Democrats ""radical views"" ""excessive drinking"" ""sexual assault"" and other ""serious allegations"", shall we? Let's start with Pelosi, Warner, Omar, Tlaib, Schiff, Waters...shall I go on?""", 0
1878955126372864045,1360987361291739142,2025-01-13T23:59:46.000Z,"""#grandefratello Da oggi il gf lo lasciamo guardare hai parenti di shaila e Lorenzo ,Alfonso autori siete dei cessi manipolatori , visto i concorrente che avete lasciato in casa https://t.co/YWvEvTkePM""", 0