1866270322812752240,"""Meanwhile, pls keep following historic hearings at @CIJ_ICJ to clarify States' international obligations on #climatechange, in the face of mounting evidence presented to the Court of widespread #HumanRights impacts &amp; @IPCC science   #ClimateJusticeAO #COP29 #HumanRightsDay https://t.co/8IgHIzmpYY""", 0
1866266800754762176,"""@VoiceforEnergy Really? When burning natural gas contributes to #climatechange? Think again! #onpoli""", 0
1866266735084806257,"""Surrounded is a natural calamity of earth bound by changes in rhythmic articulated sort of climate pattern that one could deny progressively. #SurroundedEarth #Surrounded #musicislife #alifeonourplanet #TwitterX #climatechange #climatecatastrophe #Time #SaveThePlanet #Earthhour""", 0
1866266668390863113,"""My Response To A Libertarian Podcast On Trump‚Äôs Likely Energy Policy https://t.co/rEI9QMfErN #Tesla #EV #ClimateChange #Renewables #RenewableEnergy""", 0
1866265974791700484,"""@1872_Reece_ @debunkdafunk @wolsned You believe #ClimateChange is man-made from excessive CO2 and if we don't lower the CO2 level it means catastrophe for life on earth?   Let's get to baseline first.""", 1
1866258379087462465,"""@politvidchannel OPINION. There are parts of the world affected by #Landslides #Earthquakes #Tsunamis #ContinentalShelfSinking #Droughts #Bushfires #Floods &amp; when World Leaders are ignorant about #ClimateChange due to being ignorant of the problem-This is NOT a solution!  Cc: @X @FinancialReview""", 1
1866258208160895109,"""#MurphDocU: #stories about #universalism #climatechange &amp; #cleanenergy https://t.co/118y2SEoZq via @YouTube""", 0
1866256599465013639,"""12 ways and firms that are leveraging AI to mitigate climate risk https://t.co/9oBU4YrtrP @AlchemyCrewLtd #ClimateChange #Environment #AI""", 0
1866255103822569962,"""@DMRDartford @Blah_d_BlahBlah @mr_james_c That‚Äôs both of your problems.  You KNOW that the man made #ClimateChange is BS but you both FAIL to understand that we are in fact under the influence of a Eugenics seeking #ApocalypticDeathCult that already has a history of Blood Sacrificing their own kind.  #ClotShot anyone?""", 0
1866254041954590977,"""How AI Can Help Dramatically Reduce Energy Demand And Emissions  https://t.co/rsoICnaCKc #AIoT #EnvironmentalIoT #ClimateChange""", 0
1866253732637519884,"""@fugustra1 Absofreakinlutely.  Yes. 100 % Unless, by #ClimateChange, you're referring to #Chemtrails #GeoEngineering #ProjectBlueBeam #Covid and other bioterror weapons our gov uses, #TheTuskegeeExperiment , Maui fires, NC cities wiped off the map ? Are those the climate changes ? Hmmm? ü§î""", 0
1866249771909845407,"""#GlobalWarming is a scam of @NWOOwners and @NWOPuppets as #ClimateChange is natural. #ClimateCriminals are manipulating and messing up with our climate and atmosphere with @_EvilPlans of #HAARP, #GeoEngineering, #WeatherModification, etc https://t.co/5jfDFRwkRW. #ProjectBlueBeam""", 1
1866249566707671391,"""üëáüåè""Climate crisis deepens with 2024 ‚Äòcertain‚Äô to be hottest year on record"" #ClimateCrisis #ClimateChange #RecordHottestYear  https://t.co/raf9GDD11W""", 0
1866247861563994117,"""#GlobalWarming is a scam of @NWOOwners and @NWOPuppets as #ClimateChange is natural. #ClimateCriminals are manipulating and messing up with our climate and atmosphere with @_EvilPlans of #HAARP, #GeoEngineering, #WeatherModification, etc https://t.co/Ug5HRP4YB2. #ProjectBlueBeam""", 1
1866245254661149054,"""@UKParliament the #UniParty are CORRUPT this is one step of the digital prison they are building for #Vaccine SURVIVOR'S If they don't KILL YOU they are going to try and IMPRISON YOU #DigitalID #ClimateChange #NetZero are ALL #PoLIEtical @UN TOTAL BS!! https://t.co/jt2inuAoqz""", 0
1866245130954367265,"""@Chris_Hutch7 @PolitlcsUK @thetimes @UKParliament the #UniParty are CORRUPT this is one step of the digital prison they are building for #Vaccine SURVIVOR'S If they don't KILL YOU they are going to try and IMPRISON YOU #DigitalID #ClimateChange #NetZero are ALL #PoLIEtical @UN TOTAL BS""", 0
1866244427813183623,"""Zeotech ( $ZEO $ZEO.ax )  has released "" Methane Control Field Trials Deliver Promising Results "" on Tue 10 Dec at 8:25 am AEST #Tech #ClimateChange #Queensland   Check it now https://t.co/T7B7dxgtBt""", 0
1866242481316360632,"""""Tues 9:25 | Oregon governor calls special session to prioritize paying 2024 wildfire bills - Jefferson Public Radio"" https://t.co/qAn1kUcn0i #News #Environment¬†#Sustainability #Wildfires¬†#Climate¬†#ClimateChange¬† #USDA #USA #Canada""", 0
1866242472768413763,"""""Tues 9:25 | Oregon governor calls special session to prioritize paying 2024 wildfire bills - Jefferson Public Radio"" https://t.co/uwebJRqUCi #News #Environment¬†#Sustainability #Wildfires¬†#Climate¬†#ClimateChange¬† #USDA #USA #Canada""", 0
1866241533432738106,"""BP shifts offshore wind to joint venture amid retreat from renewables.  Energy company‚Äôs deal with Japan‚Äôs Jera will allow it to focus on exploiting oil and gas assets. #ClimateChange  https://t.co/noCSxfHdl1""", 0
1866241248476205325,"""üìç The event will take place at the SERHS Natal Grand Hotel &amp; Resort, in Natal/RN, from December 10 to 13, 2024.  üîó Registration is now open! Link in bio.  üòâ See you there!  #46EBE2024 #econometrics #bernardsalanie #climatechange""", 0
1866239698739597490,"""@GretaThunberg proving once again that climate activists (attention whores) are all anti-semites #ClimateAction #climatechange #antisemitism https://t.co/6kynIGXtUz""",1
1866235400898986358,"""EU scientific advisers recommend halting solar geoengineering efforts to cool Earth. Will this put a stop to risky climate interventions? #climatechange #EU #geoengineering Read more: https://t.co/J0RKKzcffV #NewsUpdate""", 0
1866234550256623837,"""#climatechange # #climatereality #EPA #LeeZeldin  Climate change is driving inflation and instability, which harms climate action. But it‚Äôs not too late to escape the doom loop.  Source: The Conversation https://t.co/ZfE37KUDAe""", 1
1866232157091385422,"""#ConsciousPlanet led by Sadhguru is a global effort as a #GenerationRestoration to #SaveSoil for #ClimateChange üåêhttps://t.co/zGT1mAdZ8t In #7StepsTransformYourLife with Sadhguru through the online #InnerEngineering üåêhttps://t.co/1HWc24oOxU @SadhguruJV @cpsavesoil @Keir_Starmer https://t.co/h3PZvvFXOH""",0
1866232102775054692,"""#ConsciousPlanet led by Sadhguru is a global effort as a #GenerationRestoration to #SaveSoil for #ClimateChange üåêhttps://t.co/zGT1mAdZ8t In #7StepsTransformYourLife with Sadhguru through the online #InnerEngineering üåêhttps://t.co/1HWc24oOxU @SadhguruJV @cpsavesoil @Keir_Starmer https://t.co/vCfWie87ZG""",0
1866232031488688311,"""#ConsciousPlanet led by Sadhguru is a global effort as a #GenerationRestoration to #SaveSoil for #ClimateChange üåêhttps://t.co/zGT1mAdZ8t In #7StepsTransformYourLife with Sadhguru through the online #InnerEngineering üåêhttps://t.co/1HWc24oOxU @SadhguruJV @cpsavesoil @Keir_Starmer https://t.co/Z6q5hTNcIf""",0
1866231949251010687,"""#ConsciousPlanet led by Sadhguru is a global effort as a #GenerationRestoration to #SaveSoil for #ClimateChange üåêhttps://t.co/zGT1mAdZ8t In #7StepsTransformYourLife with Sadhguru through the online #InnerEngineering üåêhttps://t.co/1HWc24oOxU @SadhguruJV @cpsavesoil @Keir_Starmer https://t.co/8D4K6FEDQk""",0
1866230840143057100,"""@Cobratate Your arch nemesis your cryptonite.. the real pizzagate - Greta Thunberg is also bitcoins biggest risk - #climatechange #carbon #climatescam https://t.co/IxCvy6NliT""", 0
1866228069113176261,"""KMU/ IPMH&amp;BS organizes a Symposium on ‚ÄúClimate Change &amp; Mental Health‚Äù | PULSE International #Pakistan #Geopsychiatry #climatechange #mentalhealth ‚Å¶@BPPA_Official‚Å© ‚Å¶@IPCC_CH‚Å© ‚Å¶@farooqnaeem7‚Å©  https://t.co/nvpPwvHc1f""",0
1866227213869232243,"""If even a shred of this has truth too it. The #MetOffice needs dire investigations.  103 temperature measuring stations are technically non-existent. Who's measuring the weather?  Where is the data coming from?  Can our #ClimateChange science be accurate?  https://t.co/xFXDIidcSt""", 0
1866226710213181772,"""Breathing On The Brink: ‚Å¶@PragyaSrivast94‚Å© Urges #SouthAsia To Unite Against Climate Crisis ##ClimateChange #Smog #Lahore #Delhi #Dhaka  https://t.co/oZcKdkEZ5y""", 0
1866226072607658491,"""#ClimateChange is a serious equity issue. All Australians are carrying the risks of climate change through insurance premiums even though their properties may not be at risk. Equity in property management needs a royal commission. #auspol ‚Å¶@abcnews‚Å©  https://t.co/LCCbxVTDxr""", 1
1866225124925485502,"""The Tesla Ethicist: Musk, X, &amp; Feeding Voter Indifference About The Climate Crisis https://t.co/PotmSDwuvs #Tesla #EV #ClimateChange #Renewables #RenewableEnergy""", 1
1866224248454529346,"""Every day we could watch the proves but everyone prefers look at other side https://t.co/GGbVH8zYVi #ClimateCatastrophe #ActOnClimate #ClimateCrises  Scientists agree: #ClimateChange is real and caused by people ¬ª Yale Climate Connections https://t.co/0QGsdKfWJu""", 1
1866222759329624439,"""Diagnosed with spring fatigue. Prognosis: zero productivity for the next few days. Treatment: naps, snacks, and pretending to care.  And it‚Äôs not even spring yet...   Pretty sure cow farts are to blame for this, too. üêÑüí®  #carboncredit #climatechange #chiafixthis""",0
1866222578773209278,"""Inside The Heart Of The Magnetocaloric Heat Pump Of The Future https://t.co/1eGqcloBk6 #Tesla #EV #ClimateChange #Renewables #RenewableEnergy""",0
1866218487284482050,"""Gawd this is pathetic ‚Äúgotcha‚Äù attempt that proves nothing.    #climate #climateemergency #climatechange https://t.co/ljxMASVpwO""",0
1866217754610524244,"""DR Congo is advancing plans to launch a debt-for-nature swap, a pioneering financial mechanism designed to fund climate resilience and sustainable development while reducing its public debt.   #ClimateFinance #ClimateChange  https://t.co/tDj5DDXzCC""",0
1866216382133600705,"""#GlobalWarming is a scam of @NWOOwners and @NWOPuppets as #ClimateChange is natural. #ClimateCriminals are manipulating and messing up with our climate and atmosphere with @_EvilPlans of #HAARP, #GeoEngineering, #WeatherModification, etc https://t.co/EBdT6k76LT. #ProjectBlueBeam""",1
1866216275535343771,"""Trumps corporate media tries to convince the public to go back to polluting the environment. #ClimateChange #GlobalWarming https://t.co/j3bQfqwWD3 https://t.co/ABV7eWD7sf""",1
1866215387937030515,"""Energy Account Executive (Solar) https://t.co/v6fsg832V6 #jobs #climatechange""",0
1866214119717716321,"""Tesla Model Y: We're Driving One. What Do You Want To Know? https://t.co/wJCPcFddR7 #ElectricVehicles #Tesla #EV #Renewables #ClimateChange #RenewableEnergy""",0
1866213502735532440,"""@fugustra1 Climate change is real. I remember in the summer it was so hot, now that winter is approaching I‚Äôm noticing it is getting cold. It keeps doing this every year. #climatechange ü§°""",1
1866212212093685913,"""üå•Ô∏è Scientists and companies increasingly support blocking some sunlight to avoid the worst impacts of #globalwarming. But what are the risks of such tech-powered #climatechange tinkering?  ‚úçÔ∏è @RaminSkibba for @UndarkMag now on @Worldcrunch. https://t.co/kMttQraNmp""",1
1866211286993801235,"""Researchers found at higher temperatures and humidity, the #heat kills far more young people under 35 than those older than 50. #GlobalWarming #ClimateChange #reproducible https://t.co/bJlYOTHuay""",1
1866211266676580659,"""‚ÄòIt shouldn‚Äôt be that easy‚Äô: inside the illegal wildlife trade booming on social media.  Social media sites have become crucial tools for the sale of endangered species and platforms should do more to combat it, say experts. #ClimateChange  https://t.co/ZGM0fCvwmM""",0
1866210259423142265,"""The Growing Number of Earth‚Äôs ‚ÄòVital Signs‚Äô at Risk Due to Climate Change #ClimateChange #EnvironmentCrisis #GlobalWarming #NaturalDisaster #English #News #Science https://t.co/x3wlJp4i8d""",0
1866209576250445835,"""üåä Did you know La Ni√±a is back this winter? Expect cooler temperatures and increased rainfall in some regions! üåßÔ∏è‚ùÑÔ∏è How do you think it will impact your area? #LaNi√±a #WeatherUpdate #ClimateChange""",0
1866206684319801855,"""How will the 2024 #election reshape US #ClimatePolicy? From shifts in federal regulations to state-level leadership and #PrivateSector resilience, explore five key insights on what‚Äôs next for #ClimateAction:  #ClimateChange https://t.co/onSUgOzNGe""",1
1866206475196198963,"""This year will be the world's warmest since records began, with extraordinarily high temperatures expected to persist into at least the first few months of 2025, European Union scientists said on Dec. 12. #BreakingNews #ClimateChange #GlobalWarming  https://t.co/srWpGu71SK""",0
1866205804162129923,"""The more sustainable routes we take, the nearer we'll get to protecting our only planet Earth. üåé Let's take one step at a time to a sustainable future... #OrganicFarmingTips #climatechange https://t.co/5LVdDdvM5G""",1
1866205223259103543,"""We are excited to see @Tulane launch their Center on Climate Change and Urbanism which will house their #GRPfunded design studio in addition to supporting research and driving public programming on how #ClimateChange is shaping the #GulfCoast. Learn more: https://t.co/C2TlxgIQoo""",1
1866205059626787189,"""This will be interesting...#climatechange https://t.co/VVFWzU8O6V""",0
1866201736009892064,"""‚ÄúThe drier climates now affecting vast lands across the globe will not return to how they were. This change is redefining life on Earth.‚Äù #GlobalWarming #climatechange https://t.co/HySEVSuw5r""",0
1866201314935308339,"""Tesla Sweeps Podium for Top Selling Electric Vehicles in USA ‚Äî Charts https://t.co/lRgsrIScjG #Tesla #EV #ClimateChange #Renewables #RenewableEnergy""",0
1866200035941097791,"""New BEC Blog!  Be sure to give piece by @fhi360's @YMGrandvaux a read: Girls‚Äô Education and Climate Change: A Game Changer https://t.co/XsxB4dZDBW  #girlseducation #education #climatechange #climateeducation""",0
1866200012205527250,"""New @pewresearch takes a close look at Americans' views on #climatechange, ahead of administration change in Washington. Explores: -How U.S. adults see climate change impacting their own lives. -The policies they support to address the issue. Full report‚¨áÔ∏è https://t.co/wovL5KrY1b""",1
1866199697183981890,"""Investors' Competitive Advantage  https://t.co/KQGlyjfdan  #pharmaceuticals #biology #biological #immunology #postdoc #biotechnology #choosesandoz #economicgrowth #innovation #aheadtogether #EUOrganic #Health #ESG #climatechange #climate #innovation #creativity""",0
1866199431361544266,"""Good points which @UN @antonioguterres  https://t.co/GQC9gUgK9s. know already. Unfortunately countries like the USA, soon to be led by `Drill Baby Drill¬¥ @realDonaldTrump and other large past and present polluting nations don¬¥t care about impact of #climatechange and lives lost? https://t.co/Um98Di0yRI""",1
1866199196774113757,"""#untoldstories with Fahmida Riaz on Sindh TV  @cackarachi @WWF @marvimazhar #mangroves #climatechange #karachi   https://t.co/eHdmTF2xEK""",0
1866198661757104159,"""The 32kW US-Made Electric Dirt Bike From Dust Moto Is ‚ÄúSilent But Savage‚Äù https://t.co/waWH1fHU9x #Tesla #EV #ClimateChange #Renewables #RenewableEnergy""",0
1866197290387755273,"""""'Particularly Dangerous Situation' Santa Ana Wind Event Brings Wildfire Risk To Southern California - AOL"" https://t.co/N8TyBySEee #News #Environment¬†#Sustainability #Wildfires¬†#Climate¬†#ClimateChange¬† #USDA #USA #Canada""",0
1866197284964401280,"""""'Particularly Dangerous Situation' Santa Ana Wind Event Brings Wildfire Risk To Southern California - AOL"" https://t.co/yIgZC8vycL #News #Environment¬†#Sustainability #Wildfires¬†#Climate¬†#ClimateChange¬† #USDA #USA #Canada""",0
1866196801176343002,"""üé§ Nov 27‚Äì28,  Workshop ‚ÄúRole-Playing for Climate, Wellbeing &amp; Transcultural Understanding‚Äù in Kyoto. Using design-thinking, we tackled climate &amp; health challenges, concluding with a public lecture to spark dialogue. üåç‚ú® #ClimateChange #Workshop  https://t.co/4DB4N82R1k""",0
1866196476591849615,"""I Tried An EV Battery Swap Station. It May Just Be The Future https://t.co/2eCTho35zE #ElectricVehicles #Tesla #EV #Renewables #ClimateChange #RenewableEnergy""",0
1866195904715264057,"""How will the proposed creation of a National Energy Council help President-elect Trump achieve his energy policy goals?   Read Scott Segal's insights in AP News: https://t.co/lJg3zi0i5B  #trump #energy #climatechange""",1
1866193596866572450,"""#Climatechange is a major hurdle for #SDGs, threatening food security, water access &amp; poverty reduction, especially in regions like #SouthAsia. India must focus more on climate adaptation for #sustainablegrowth: @soumyabh_swears https://t.co/FjXjoDHLUQ""",1
1866193519267778908,"""A ‚Äòdoom loop‚Äô of climate change and geopolitical instability is¬†beginning #Environment #ClimateChange #GeopoliticalInstability #DoomLoop #ClimateAction #GlobalCrisis #ClimateImpact #Geopolitics #Inflation #ClimateAdaptation #ClimateRisk #FossilFuelPhaseOut https://t.co/zCgGa4E7hA""",1
1866192271257063773,"""Our inaction on the climate crisis is a crime against humanity. It's the worst story in the world. ü•µ #climatecrisis #ClimateAction #climatechange #climate #thehague #hague https://t.co/Pfu1SCmgbk""",1
1866192046618272070,"""Pleasecsign &amp; share #Bovaer #NetZero #ClimateChange #ulez  #ElectricVehicles #EV #Petition: Repeal the Climate Change Act 2008 and Net Zero targets https://t.co/7Vxu67y4Lz""",0
1866190877065888216,"""""Significant investment in infrastructure and an end to our global fossil fuel reliance are critical first steps in ensuring a hospitable planet for young people to inherit."" #extremeheat #climatechange https://t.co/OK4vvpUxkk""",1
1866190472319742393,"""Great if the Saudi's can pull this off. Certainly a rethinking of city planning in a time of #climatechange is desperately needed...   https://t.co/czHt9dlR7e""",1

1866188713660993563,"""Southern CA At Risk Of Major Fires As #ClimateChange Clamps Down  https://t.co/FREaFVLoIW   @KylaInTheBurgh @bamableu @nichdemarco @StopGQP @harrb2 @RisingRutro @allywalker1 @antifaoperative @LaurieHosken @AndreaLearned @PeggySueTaylor2 @kwmcconnell @jamlouh @MarvinDigeorgio""",0
1866188124021313856,"""California is already experiencing the impacts of #ClimateChange. In the last decade, Californians have endured severe droughts, floods, historic wildfires, rising seas, and record temperatures. All are driven by #climate change.  Building #resilience to these impacts requires‚Ä¶ https://t.co/HqVXOdOEC7""",1
1866187654385016916,"""Great to be able to share thoughts and resources for health visitors able #cleanair and #climatechange follow ou excellent speakers at last weeks conference https://t.co/iFxzgR7uqq""",0
1866187519337124159,"""According to a recent UN report three-quarters of the Earth‚Äôs land became permanently drier in the last three decades. https://t.co/TeQUcJRmoT #ClimateAction #ClimateCrisis #ClimateEmergency #climatechange""",0
1866187005740126227,"""As States present their arguments before @CIJ_ICJ on obligations with respect to #ClimateChange, @shana_tabak explains why climate mobility will be central to the hearings #ClimateJustice   More üëá   https://t.co/62qwZoPXAC""",1
1866186875519557783,"""üåçüíª The key to sustainable farming in Kenya: ERP solutions are transforming agricultural operations, boosting efficiency, managing resources, and combating climate change. üå±üöú #AgriTech #ERP #Sustainability #ClimateChange""",0
1866186452511400350,"""#ClimateChange is a global planetary change https://t.co/p7biuHwC9Z #ClimateCrisis #ClimateCatastrophe  Physics-based early warning signal shows that AMOC is on tipping course | Science Advances https://t.co/jbsEY4dIwE""",0
1866185045813481532,"""@UNGeneva @Refugees World Bank and KW&amp;SC, this is providing poisoned water!   üëá https://t.co/ctPqekFuRo‚Ä¶  #karachi #kwsc #pakistan #malir #duet #climateaction #climatechange #dmc #ecofriendly #environmentalawareness #worldbank #dgispr #eubank #europe #unicef #who""",0
1866184790870794260,"""@Dawn_News World Bank and KW&amp;SC, this is providing poisoned water!   üëá https://t.co/ctPqekEX1Q‚Ä¶  #karachi #kwsc #pakistan #malir #duet #climateaction #climatechange #dmc #ecofriendly #environmentalawareness #worldbank #dgispr #eubank #europe #unicef #who""",0
1866184691142832143,"""Breaking news as the evidence mounts demonstrating Nature‚Äôs power to drive #climatechange https://t.co/dbxuDAptYU""",0
1866184536201036223,"""@UNDP World Bank and KW&amp;SC, this is providing poisoned water!   üëá https://t.co/ctPqekEX1Q‚Ä¶  #karachi #kwsc #pakistan #malir #duet #climateaction #climatechange #dmc #ecofriendly #environmentalawareness #worldbank #dgispr #eubank #europe #unicef #who""",0
1866184384790843886,"""@UNOCHA World Bank and KW&amp;SC, this is providing poisoned water!   üëá https://t.co/ctPqekEX1Q‚Ä¶  #karachi #kwsc #pakistan #malir #duet #climateaction #climatechange #dmc #ecofriendly #environmentalawareness #worldbank #dgispr #eubank #europe #unicef #who""",0
1866184194516468158,"""@anticorruption World Bank and KW&amp;SC, this is providing poisoned water!   üëá https://t.co/ctPqekFuRo‚Ä¶  #karachi #kwsc #pakistan #malir #duet #climateaction #climatechange #dmc #ecofriendly #environmentalawareness #worldbank #dgispr #eubank #europe #unicef #who""",0
1866184150283407691,"""@MQMPKOfficial @Conv_KMS @alikhurshidi @allaboutmqm World Bank and KW&amp;SC, this is providing poisoned water!   üëá https://t.co/ctPqekFuRo‚Ä¶  #karachi #kwsc #pakistan #malir #duet #climateaction #climatechange #dmc #ecofriendly #environmentalawareness #worldbank #dgispr #eubank #europe #unicef #who""",0
1866184053021344220,"""@SyedAminulHaque World Bank and KW&amp;SC, this is providing poisoned water!   üëá https://t.co/ctPqekEX1Q‚Ä¶  #karachi #kwsc #pakistan #malir #duet #climateaction #climatechange #dmc #ecofriendly #environmentalawareness #worldbank #dgispr #eubank #europe #unicef #who""",0
1866183992162341362,"""@PlanComPakistan World Bank and KW&amp;SC, this is providing poisoned water!   üëá https://t.co/ctPqekFuRo‚Ä¶  #karachi #kwsc #pakistan #malir #duet #climateaction #climatechange #dmc #ecofriendly #environmentalawareness #worldbank #dgispr #eubank #europe #unicef #who""",0
1866183880820101592,"""@UNDP World Bank and KW&amp;SC, this is providing poisoned water!   üëá https://t.co/ctPqekEX1Q‚Ä¶  #karachi #kwsc #pakistan #malir #duet #climateaction #climatechange #dmc #ecofriendly #environmentalawareness #worldbank #dgispr #eubank #europe #unicef #who""",0
1866183783755530558,"""@UNOCHA World Bank and KW&amp;SC, this is providing poisoned water!   üëá https://t.co/ctPqekEX1Q‚Ä¶  #karachi #kwsc #pakistan #malir #duet #climateaction #climatechange #dmc #ecofriendly #environmentalawareness #worldbank #dgispr #eubank #europe #unicef #who""",0
1866183704260804950,"""@MQMWEST World Bank and KW&amp;SC, this is providing poisoned water!   üëá https://t.co/ctPqekEX1Q‚Ä¶  #karachi #kwsc #pakistan #malir #duet #climateaction #climatechange #dmc #ecofriendly #environmentalawareness #worldbank #dgispr #eubank #europe #unicef #who""",0
1866183636418007187,"""@UN @UN_Women World Bank and KW&amp;SC, this is providing poisoned water!   üëá https://t.co/ctPqekEX1Q‚Ä¶  #karachi #kwsc #pakistan #malir #duet #climateaction #climatechange #dmc #ecofriendly #environmentalawareness #worldbank #dgispr #eubank #europe #unicef #who""",0
1866183534328811979,"""Apex predator and flying royalty of the jungle, Philippine #Eagles are critically endangered from: #climatechange #palmoil #timber and #cacao #deforestation and illegal #hunting. Help them and #Boycottpalmoil #Boycott4Wildlife https://t.co/ZS4xscWHyA via @palmoildetect""",0
1866183391114117598,"""@GovtofPakistan @PakPMO World Bank and KW&amp;SC, this is providing poisoned water!   üëá https://t.co/ctPqekEX1Q‚Ä¶  #karachi #kwsc #pakistan #malir #duet #climateaction #climatechange #dmc #ecofriendly #environmentalawareness #worldbank #dgispr #eubank #europe #unicef #who""",0
1866183312114368900,"""@PlanComPakistan @etribune @Dawn_News World Bank and KW&amp;SC, this is providing poisoned water!   üëá https://t.co/ctPqekEX1Q‚Ä¶  #karachi #kwsc #pakistan #malir #duet #climateaction #climatechange #dmc #ecofriendly #environmentalawareness #worldbank #dgispr #eubank #europe #unicef #who""",0
1866183214621982764,"""@UNGeneva @FAO World Bank and KW&amp;SC, this is providing poisoned water!   üëá https://t.co/ctPqekEX1Q‚Ä¶  #karachi #kwsc #pakistan #malir #duet #climateaction #climatechange #dmc #ecofriendly #environmentalawareness #worldbank #dgispr #eubank #europe #unicef #who""",0
1866183151350890808,"""@PakistanFauj @OfficialDGISPR @dgprPaknavy @DGPR_PAF @GovtofPakistan @dpr_gob @PakPMO @CMShehbaz @isi_defender1 @PTVNewsOfficial @RadioPakistan World Bank and KW&amp;SC, this is providing poisoned water!   üëá https://t.co/ctPqekEX1Q‚Ä¶  #karachi #kwsc #pakistan #malir #duet #climateaction #climatechange #dmc #ecofriendly #environmentalawareness #worldbank #dgispr #eubank #europe #unicef #who""",0
1866183084502372607,"""@UN @antonioguterres World Bank and KW&amp;SC, this is providing poisoned water!   üëá https://t.co/ctPqekFuRo‚Ä¶  #karachi #kwsc #pakistan #malir #duet #climateaction #climatechange #dmc #ecofriendly #environmentalawareness #worldbank #dgispr #eubank #europe #unicef #who""",0
1866183032287482190,"""@UNOCHA World Bank and KW&amp;SC, this is providing poisoned water!   üëá https://t.co/ctPqekFuRo‚Ä¶  #karachi #kwsc #pakistan #malir #duet #climateaction #climatechange #dmc #ecofriendly #environmentalawareness #worldbank #dgispr #eubank #europe #unicef #who""",0
1866182915253842364,"""@MubeenK190 @allaboutmqm @AnisMQM @AteebFurqan @HARizviMQMPak @ImranRSiddiqi @KamranAkhterMQM @MQMPKOfficial @SyedAminulHaque @s_faisalhussain @ZahidMansori @AbdulRaoufK01 World Bank and KW&amp;SC, this is providing poisoned water!   üëá https://t.co/ctPqekFuRo‚Ä¶  #karachi #kwsc #pakistan #malir #duet #climateaction #climatechange #dmc #ecofriendly #environmentalawareness #worldbank #dgispr #eubank #europe #unicef #who""",0
1866182695690137833,"""Quad-Motor M Prototype Drive Left BMW Executives Speechless https://t.co/7DLrPARKNn #ElectricVehicles #Tesla #EV #Renewables #ClimateChange #RenewableEnergy""",0
1866181531326189777,"""@GovtofPakistan World Bank and KW&amp;SC, this is providing poisoned water!   üëá https://t.co/ctPqekEX1Q‚Ä¶  #karachi #kwsc #pakistan #malir #duet #climateaction #climatechange #dmc #ecofriendly #environmentalawareness #worldbank #dgispr #eubank #europe #unicef #who""",0
1866181235220845046,"""@PPP_Org @BBhuttoZardari World Bank and KW&amp;SC, this is providing poisoned water!   üëá https://t.co/ctPqekEX1Q‚Ä¶  #karachi #kwsc #pakistan #malir #duet #climateaction #climatechange #dmc #ecofriendly #environmentalawareness #worldbank #dgispr #eubank #europe #unicef #who""",0
1866181168812491214,"""Drylands now make up 40% of land on Earth, excluding Antarctica, study says.  An area nearly a third larger than India turned permanently arid in past three decades, research shows. #ClimateChange  https://t.co/r5QT5Kdnf6""",0
1866181141285245124,"""@PlanComPakistan World Bank and KW&amp;SC, this is providing poisoned water!   üëá https://t.co/ctPqekEX1Q‚Ä¶  #karachi #kwsc #pakistan #malir #duet #climateaction #climatechange #dmc #ecofriendly #environmentalawareness #worldbank #dgispr #eubank #europe #unicef #who""",0
1866181012549448031,"""Trump‚Äôs Cabinet: Forging a Fascist Machine  Part 4: The Environment and #ClimateChange‚Äî‚ÄúDrill baby drill‚Äù vs. humanity and the planet  #GlobalWarming #ClimateCrisis https://t.co/ActnrZ3eSg""",1
1866180761893695796,"""2024 is the hottest year on record, EU scientists say https://t.co/JVfx9BzAM8 #Globalwarming #climatechange #hottestyear #hottestNovember #extremetemperatures #LaNina #globaltemperature #Copernicus""",0
1866180627135086943,"""@anticorruption World Bank and KW&amp;SC, this is providing poisoned water!   üëá https://t.co/ctPqekFuRo‚Ä¶  #karachi #kwsc #pakistan #malir #duet #climateaction #climatechange #dmc #ecofriendly #environmentalawareness #worldbank #dgispr #eubank #europe #unicef #who""",0
1866180536907256311,"""@UNGeneva World Bank and KW&amp;SC, this is providing poisoned water!   üëá https://t.co/ctPqekFuRo‚Ä¶  #karachi #kwsc #pakistan #malir #duet #climateaction #climatechange #dmc #ecofriendly #environmentalawareness #worldbank #dgispr #eubank #europe #unicef #who""",0
1866180453180592333,"""@PlanComPakistan World Bank and KW&amp;SC, this is providing poisoned water!   üëá https://t.co/ctPqekFuRo‚Ä¶  #karachi #kwsc #pakistan #malir #duet #climateaction #climatechange #dmc #ecofriendly #environmentalawareness #worldbank #dgispr #eubank #europe #unicef #who""",0
1866180380585308317,"""@UNGeneva World Bank and KW&amp;SC, this is providing poisoned water!   üëá https://t.co/ctPqekEX1Q‚Ä¶  #karachi #kwsc #pakistan #malir #duet #climateaction #climatechange #dmc #ecofriendly #environmentalawareness #worldbank #dgispr #eubank #europe #unicef #who""",0
1866180300704735542,"""@GovtofPakistan World Bank and KW&amp;SC, this is providing poisoned water!   üëá https://t.co/ctPqekEX1Q‚Ä¶  #karachi #kwsc #pakistan #malir #duet #climateaction #climatechange #dmc #ecofriendly #environmentalawareness #worldbank #dgispr #eubank #europe #unicef #who""",0
1866180238666854706,"""@PakistanFauj @OfficialDGISPR @dgprPaknavy @DGPR_PAF @GovtofPakistan @dpr_gob @PakPMO @CMShehbaz @PTVNewsOfficial @isi_defender1 @RadioPakistan World Bank and KW&amp;SC, this is providing poisoned water!   üëá https://t.co/ctPqekEX1Q‚Ä¶  #karachi #kwsc #pakistan #malir #duet #climateaction #climatechange #dmc #ecofriendly #environmentalawareness #worldbank #dgispr #eubank #europe #unicef #who""",0
1866180186682642896,"""@MQMWEST World Bank and KW&amp;SC, this is providing poisoned water!   üëá https://t.co/ctPqekEX1Q‚Ä¶  #karachi #kwsc #pakistan #malir #duet #climateaction #climatechange #dmc #ecofriendly #environmentalawareness #worldbank #dgispr #eubank #europe #unicef #who""",0
1866180120924299564,"""@UNGeneva @UNOCHA World Bank and KW&amp;SC, this is providing poisoned water!   üëá https://t.co/ctPqekEX1Q‚Ä¶  #karachi #kwsc #pakistan #malir #duet #climateaction #climatechange #dmc #ecofriendly #environmentalawareness #worldbank #dgispr #eubank #europe #unicef #who""",0
1866180021385044155,"""@UN World Bank and KW&amp;SC, this is providing poisoned water!   üëá https://t.co/ctPqekEX1Q‚Ä¶  #karachi #kwsc #pakistan #malir #duet #climateaction #climatechange #dmc #ecofriendly #environmentalawareness #worldbank #dgispr #eubank #europe #unicef #who #nab""",0
1866179605562085379,"""@UNGeneva World Bank and KW&amp;SC, this is providing poisoned water!   üëá https://t.co/ctPqekFuRo‚Ä¶  #karachi #kwsc #pakistan #malir #duet #climateaction #climatechange #dmc #ecofriendly #environmentalawareness #worldbank #dgispr #eubank #europe #unicef #who""",0
1866179484589691099,"""Read our weekly roundup of news stories, including a scheme for school children to plant 250,000 tress to boost the economy. https://t.co/56CdaiYH9f #economy #climatechange #environment #activetravel #placemaking""",0
1866179463832076337,"""@FATFNews World Bank and KW&amp;SC, this is providing poisoned water!   üëá https://t.co/ctPqekEX1Q‚Ä¶  #karachi #kwsc #pakistan #malir #duet #climateaction #climatechange #dmc #ecofriendly #environmentalawareness #worldbank #dgispr #eubank #europe #unicef #who""",0
1866179394693149098,"""@anticorruption World Bank and KW&amp;SC, this is providing poisoned water!   üëá https://t.co/ctPqekEX1Q‚Ä¶  #karachi #kwsc #pakistan #malir #duet #climateaction #climatechange #dmc #ecofriendly #environmentalawareness #worldbank #dgispr #eubank #europe #unicef #who""",0
1866179349327593851,"""@PlanComPakistan World Bank and KW&amp;SC, this is providing poisoned water!   üëá https://t.co/ctPqekEX1Q‚Ä¶  #karachi #kwsc #pakistan #malir #duet #climateaction #climatechange #dmc #ecofriendly #environmentalawareness #worldbank #dgispr #eubank #europe #unicef #who""",0
1866179252242317563,"""Tell your Senators to safeguard clean air and clean water, protect our wild places and wildlife, and empower the government to combat climate change by confirming @POTUS remaining judicial nominees: https://t.co/7gcTHMXsks  @Earthjustice #environment #climatechange""",0
1866179194461335809,"""@GovtofPakistan @PakPMO World Bank and KW&amp;SC, this is providing poisoned water!   üëá https://t.co/ctPqekEX1Q‚Ä¶  #karachi #kwsc #pakistan #malir #duet #climateaction #climatechange #dmc #ecofriendly #environmentalawareness #worldbank #dgispr #eubank #europe #unicef #who""",0
1866179069944963107,"""@KarachiJamaat World Bank and KW&amp;SC, this is providing poisoned water!   üëá https://t.co/ctPqekEX1Q‚Ä¶  #karachi #kwsc #pakistan #malir #duet #climateaction #climatechange #dmc #ecofriendly #environmentalawareness #worldbank #dgispr #eubank #europe #unicef #who""",0
1866178861702217736,"""@UNDP @ASteiner World Bank and KW&amp;SC, this is providing poisoned water!   üëá https://t.co/ctPqekFuRo‚Ä¶  #karachi #kwsc #pakistan #malir #duet #climateaction #climatechange #dmc #ecofriendly #environmentalawareness #worldbank #dgispr #eubank #europe #unicef #who""",0
1866178629144891579,"""@PakistanFauj @OfficialDGISPR @dgprPaknavy @DGPR_PAF @GovtofPakistan @GovtofPunjabPK @dpr_gob @PakPMO @CMShehbaz @PTVNewsOfficial @RadioPakistan World Bank and KW&amp;SC, this is providing poisoned water!   üëá https://t.co/ctPqekFuRo‚Ä¶  #karachi #kwsc #pakistan #malir #duet #climateaction #climatechange #dmc #ecofriendly #environmentalawareness #worldbank #dgispr #eubank #europe #unicef #who""",0
1866178554808975817,"""@KamalMQM World Bank and KW&amp;SC, this is providing poisoned water!   üëá https://t.co/ctPqekEX1Q‚Ä¶  #karachi #kwsc #pakistan #malir #duet #climateaction #climatechange #dmc #ecofriendly #environmentalawareness #worldbank #dgispr #eubank #europe #unicef #who""",0
1866178483048849746,"""@MQMWEST World Bank and KW&amp;SC, this is providing poisoned water!   üëá https://t.co/ctPqekFuRo‚Ä¶  #karachi #kwsc #pakistan #malir #duet #climateaction #climatechange #dmc #ecofriendly #environmentalawareness #worldbank #dgispr #eubank #europe #unicef #who""",0
1866177942985793623,"""@AajKamranKhan World Bank and KW&amp;SC, this is providing poisoned water!   üëá https://t.co/ctPqekEX1Q‚Ä¶  #karachi #kwsc #pakistan #malir #duet #climateaction #climatechange #dmc #ecofriendly #environmentalawareness #worldbank #dgispr #eubank #europe #unicef #who""",0
1866177849142788233,"""@WorldBank World Bank and KW&amp;SC, this is providing poisoned water!   üëá https://t.co/ctPqekFuRo‚Ä¶  #karachi #kwsc #pakistan #malir #duet #climateaction #climatechange #dmc #ecofriendly #environmentalawareness #worldbank #dgispr #eubank #europe #unicef #who""",0
1866177745039790565,"""@MQMWEST World Bank and KW&amp;SC, this is providing poisoned water!   üëá https://t.co/ctPqekEX1Q‚Ä¶  #karachi #kwsc #pakistan #malir #duet #climateaction #climatechange #dmc #ecofriendly #environmentalawareness #worldbank #dgispr #eubank #europe #unicef #who""",0
1866177697392574727,"""@tariqmateen World Bank and KW&amp;SC, this is providing poisoned water!   üëá https://t.co/ctPqekEX1Q‚Ä¶  #karachi #kwsc #pakistan #malir #duet #climateaction #climatechange #dmc #ecofriendly #environmentalawareness #worldbank #dgispr #eubank #europe #unicef #who""",0
1866177577770942828,"""@WorldBank World Bank and KW&amp;SC, this is providing poisoned water!   üëá https://t.co/ctPqekEX1Q‚Ä¶  #karachi #kwsc #pakistan #malir #duet #climateaction #climatechange #dmc #ecofriendly #environmentalawareness #worldbank #dgispr #eubank #europe #unicef #who""",0
1866177521638687131,"""@WorldBank @WBG_IDA World Bank and KW&amp;SC, this is providing poisoned water!   üëá https://t.co/ctPqekEX1Q‚Ä¶  #karachi #kwsc #pakistan #malir #duet #climateaction #climatechange #dmc #ecofriendly #environmentalawareness #worldbank #dgispr #eubank #europe #unicef #who""",0
1866177425609990515,"""@WorldBank World Bank and KW&amp;SC, this is providing poisoned water!   üëá https://t.co/ctPqekEX1Q‚Ä¶  #karachi #kwsc #pakistan #malir #duet #climateaction #climatechange #dmc #ecofriendly #environmentalawareness #worldbank #dgispr #eubank #europe #unicef #who""",0
1866177278486729124,"""World Bank and KW&amp;SC, this is providing poisoned water!   üëá https://t.co/ctPqekFuRo‚Ä¶  #karachi #kwsc #pakistan #malir #duet #climateaction #climatechange #dmc #ecofriendly #environmentalawareness #worldbank #dgispr #eubank #europe #unicef #who""",0
1866177172244701527,"""There are major costs of inaction regarding #climatechange which are not currently captured in gov't financial plans. In this article for @UKandEU. my colleague @JodieCarson19 argues the UK's fiscal framework should better reflect this. https://t.co/54qi170sjB""",1
1866177033350394121,"""@WorldBank @WBG_IDA World Bank and KW&amp;SC, this is providing poisoned water!   üëá https://t.co/PcrSdPaePh  #karachi #kwsc #pakistan #malir #duet #climateaction #climatechange #dmc #ecofriendly #environmentalawareness #worldbank #dgispr #eubank #europe #unicef #who""",0
1866176867801133419,"""@vkaramurza @narendramodi @AlboMP @Keir_Starmer @JDVance @emilysears @PierrePoilievre @donaldtusk @EmmanuelMacron @KamalaHarris @realDonaldTrump @winstonpeters @chrisluxonmp @PM_ViktorOrban @PrimeministerGR @P_Fiala @khloekardashian @Kira_Yarmysh @KimKardashian @Tsihanouskaya @yulia_navalnaya @RtHon_JohnKey @GiorgiaMeloni @BelarusMFA @ediramaal @AndrejPlenkovic @GGCanada @sanchezcastejon @JustinTrudeau @mofauae @HamdanMohammed @UNMGeorgia @LMontenegropm @LindseyGrahamSC @TimUppal @richardmartelpc @AOC @AyOdeh @BradleyVis .@KanganaTeam @SeychellesFAD @gerarddeltell @s_guilbeault @Laurel_BC @JonathanWNV @RachaelThomasMP @SenatorShaheen @Isaac_Herzog @SRE_mx @VNGovtPortal Woohoo, ""clean"" coal. [Again, obv I'm being sarcastic]. F*ck Scheer. re #ClimateChange https://t.co/QbfcPuvGMm""",0
1866176034044879114,"""The @NOAA says there‚Äôs more than a 99% chance that 2024 will be the world‚Äôs warmest year on record.  #Greenhouse #Greenhouses #Agriculture #Floriculture #Horticulture #Climate #ClimateChange #ExtremeWeather #Storms #Weather  https://t.co/od5XBEXxcE""",0
1866174392411340964,"""@JediKnight97333 @CarmineSabia Simple Solution: stop funding each shake 'em out of all OUR cash slide 'em into a cannon  send 'em out for shark food #climatechange we can all support and for once 'they' have been useful for mankind""",0
1866174352976224349,"""@vkaramurza @narendramodi @AlboMP @Keir_Starmer @JDVance @emilysears @PierrePoilievre @donaldtusk @EmmanuelMacron @KamalaHarris @realDonaldTrump @winstonpeters @chrisluxonmp @PM_ViktorOrban @PrimeministerGR @P_Fiala @khloekardashian @Kira_Yarmysh @KimKardashian @Tsihanouskaya @yulia_navalnaya @RtHon_JohnKey @GiorgiaMeloni @BelarusMFA @ediramaal @AndrejPlenkovic @GGCanada @sanchezcastejon @JustinTrudeau @mofauae @HamdanMohammed @UNMGeorgia @LMontenegropm @LindseyGrahamSC @TimUppal @richardmartelpc @AOC @AyOdeh .@BradleyVis @BarbaraRKay @BlaineFCalkins @Lianne_Rood @BurkinaMae @PatriceTalonPR  @BDMOFA @AnaPoilievre @CMShehbaz @SenatorSalma @charlesadler Did not say, holding a #grudge is bad for the soul? @MMuizzu Ben Harper may not believe in #ClimateChange  https://t.co/ywWQL6L19U""",0
1866173977074209142,"""@GiveUsAQuid Governments are addicted to tax.  As military spending has declined, there's a desperate need to not only justify NOT reducing tax, but to justify increasing it.  #climatechange is an invention  designed to justify the need.  People like Our Skid Mark are its gullible soldiers""",1
1866172191156441265,"""Wouldn't it make sense to promote nuclear energy in order to use less fossil fuels? In the short term this could help until we and if we move towards renewable energy. #climatechange #climate #energy #EnergyTransition #Germany #Economy #Klimawandel #Energiewende #Energie""",1
1866171022572941340,"""We‚Äôre Doing Net Zero All Wrong, Scientists Say https://t.co/hwAOrmIHHf #Tesla #EV #ClimateChange #Renewables #RenewableEnergy""",0
1866170947751071890,"""There is a serious concern is that @realDonaldTrump will start to dismantle United States government scientific bodies and research programmes that don‚Äôt suit his agenda- writes Stuart Parkinson   #climatechange #highered #globaled https://t.co/Ku6j7LSA9w""",1
1866169208213492087,"""Some companies have been reluctant to build products that address #climatechange, but research by @harvardhbs Professors @GeorgeSerafeim, Shirley Lu, and Simon Xu shows that such innovations can create new opportunities. Read the latest from @HBSWK: https://t.co/Qc56dclkNg""",0
1866167749405257734,"""#Climate never has a linear behavior https://t.co/SGt9gu2ivR #GlobalWarming #ClimateCatastrophe #ClimateChange  https://t.co/jh1WSw06X8""",0
1866167729834569975,"""Xiaomi's Tesla Model Y Fighter Looks Like A Budget Ferrari https://t.co/qZxgYyg5So #ElectricVehicles #Tesla #EV #Renewables #ClimateChange #RenewableEnergy""",0
1866167298752430147,"""Biden admin brought unprecedented climate change prosecution against man for ‚Äòsmuggling greenhouse gases‚Äô by transporting refrigerants #Greenhousegas #EPA #Smuggling #Climatechange https://t.co/3j52iXzmyk""",1
1866167022956237147,"""Santos calls alleged greenwashing case a ‚Äòbiased retelling‚Äô of its net zero aspirations. #ClimateChange #Greenwashing #Santos #ACCR https://t.co/2U9G8HFlFh""",0
1866167017394303297,"""This is for anyone who says weather modification is not happening #ClimateChange #GeoEngineering https://t.co/BedaK3R9ZQ""",0
1866166535167103465,"""Is #ClimateChange really just a cover-up for geoengineering experiments, or are we all just pawns in a grand scheme by the #WEF to control our lives with #Agenda2030?""",0
1866165716111745367,"""More cities need to take action: The city‚Äôs planning and housing committee¬†approved a staff report on Thursday, recommending adoption of the city‚Äôs first maximum heat bylaw, aimed at reducing health risks. #Climatechange #Extremeheat #Healthrisks https://t.co/a9AOZlbtHW""",1
1866165666878812246,"""""Warning: the world's next big environmental problem may be from space. As satellite numbers surge, their ash could alter the climate. Read more: [link] #SpaceJunk #ClimateChange""""",1
1866164897958236281,"""'I used to call her 'sister. I trusted her as if she were family.' In #India's  Sundarbans region, an area increasingly affected by #climatechange, traffickers befriend impoverished #girls with the intention of 'kidnapping &amp; selling' them.#humantrafficking https://t.co/SD0xWmw6kv""",0
1866160690077323594,"""#ClimateChange is happening now. Every day, we're witnessing more frequent &amp; devastating climate impacts around the world. Droughts. Floods. Extreme heat. One of our best opportunities to limit these impacts is over the next 2 years. @UNDP explains why  https://t.co/M5okFM4sdw""",1
1866160126299697626,"""Deoxygenation Levels Similar To Today‚Äôs Played A Major Role In Marine Extinctions During Earth's Major Past Climate Change Event https://t.co/MJ0huUsx5K #astrobiology #extinction #climatechange""",0
1866159872229671034,"""Scientists have discovered a new method to combat climate change by capturing carbon more efficiently. This innovation could be a gamechanger in our fight against global warming. #ClimateChange #Innovation #Science""",1
1866158083417751855,"""On my mind‚Äî Climate change deniers are missing the point.  Whether or not man is primarily or only partially responsible for #ClimateChange is irrelevant. What is quite clear is that as our population increases and our demand for resources increases, we are accelerating the‚Ä¶ https://t.co/xz1IxYMUtw""",1
1866155903818342639,"""#GuestXR project has developed an #XR immersive game designed around the ‚Äútragedy of the commons‚Äù scenario  Players‚Äô actions in cryptocurrency mining reflect in environmental impacts to raise awareness on #ClimateChange responsibility  https://t.co/Kq8tdpzH5l""",0
1866154348612403352,"""The Healing Land: Indigenous-Led Conservation Efforts as Climate Change Mitigation. https://t.co/1hDrRfEtGu #Indigenous #ClimateChange #Conservation #ClimateMitigation""",0
1866152256326017240,"""""Rain helps firefighters with wildfire in Crowders Mountain - Yahoo! Voices"" https://t.co/sWS2D5mg46 #News #Environment¬†#Sustainability #Wildfires¬†#Climate¬†#ClimateChange¬† #USDA #USA #Canada""",0
1866152243889885425,"""""Rain helps firefighters with wildfire in Crowders Mountain - Yahoo! Voices"" https://t.co/R0GuUrchJ9 #News #Environment¬†#Sustainability #Wildfires¬†#Climate¬†#ClimateChange¬† #USDA #USA #Canada""",0
1866151702270705700,"""He‚Äôs Certainly Crazy Enough   #Elon #Musktounseatrepublicans #Democrat #Republican #ClimateChange #PutinTrumpLoveSaga #TrumpKimJongLoveAffair https://t.co/FUy408upXb""",0
1866151572503195654,"""@RecreationLaw #SkiAreaLaw #SkiLaw #GiveAFlake #ClimateChange #SaveYourSeason #SkiAreaLaw #RecLaw #RecreationLaw Hermon Mountain¬†ski area in Maine for sale https://t.co/Hjg1Lew2dD  @RecreationLaw #SkiAreaLaw #SkiLaw #GiveAFlake #SaveYourSeason #SkiAreaLaw #RecLaw #RecreationLaw""",0
1866151239009878400,"""climate change affects wildlife health, focusing on penguins. #ClimateChange #WildlifeHealth""",0
1866150896410743158,"""#TheView #DonaldJTrump = #EndStageCapitalism (End stage capitalism is from 19th century KarlMarx so you ladies are censored from talking about that.) Then, let's throw in, #ClimateChange = #EndStageCivilization.  https://t.co/njhQn1QLrP""",1
1866150835563983313,"""Some supermarkets are taking a major step to protect the climate. Is yours?  This scorecard shows which companies are reducing pollution from their fridges and freezers. #ClimateChange  https://t.co/q3SGobnvOQ""",1
1866150454188761266,"""Experts call for urgent steps to fight #climatechange at #SOAUniversity #conclave in #Bhubaneswar #Odishabytes #odishabytesnews https://t.co/3YU8bwiC1J""",0
1866149999815672107,"""Do some #RESEARCH into #incandescent #lightbulbs #LED bulbs were another step in the #environmental, #GlobalWarming, #ClimateChange, #ClimateCrisis movement. Because you were WORRIED about the #Climate, you let ""#science"" destroy our #health, no questions. https://t.co/BQwRCcVztf""",0
1866149469441683490,"""TODAY: Syria Drains The Ba'ath #Assad #HTS #Iran #Russia #Turkey #GolanHeights #Israel #Gaza #WestBank #Genocide #Hamas #UNRWA #Ukraine #Trump #MeetThePress #J6 #Pardons #Biden #India #SIPRI #Animals #JuanSoto #MLB #TaylorSwift #ClimateChange #Windmills  https://t.co/dlufjERcdY""",0
1866149207653933554,"""Global efforts to combat climate change intensify as 2024 approaches! üîã Countries, businesses and activists are mobilizing to address this urgent challenge. #Climate #Sustainability #ClimateChange #GlobalAction üå± Read more: https://t.co/gwHOAHwgDh""",1
1866149073897578977,"""ü§ñ Calling all young minds! Dive into this detailed report on climate change and discover how you can make a difference. #report #climatechange #activism""",0
1866147729170182145,"""@DonaldTrump should permanently defeat the Paris Climate Treaty and here's how he can do it. https://t.co/qB1VD786uF @IERenergy @AEA @ceidotorg #climatechange @CFACT""",1
1866147300445221241,"""This ground-breaking event, supported by @wellcometrust, will address the critical intersection of #climatechange and human health ‚¨áÔ∏è https://t.co/ZMCrHwTX4D""",1
1866146108419817575,"""Interesting systematic review of  BMPs in European farming ""Carbon farming practices for European cropland: A review on the effect on soil organic carbon"" https://t.co/eU6VaHpafl  #soilhealth #cdnag #climatechange #soilcarbon""",0
1866145259111285073,"""With the world realizing that climate change is real and its impact being felt worldwide, experts on the subject have called for urgent steps to counter its effect on life and livelihood.  https://t.co/93F08RmVcb  #ClimateChange #environment""",1
1866143126244429944,"""Wonder if the opposition party in Canada gains power and their conservative government kills the gas tax critical to Canada's observance of the Paris agreement would trigger that state responsibility. Not being discussed at all in Parliament. #climatechange https://t.co/1L3jwykUa7""",1
1866142840134209872,"""A #disruptive #innovation it could be.  #solar #power #technology #environment #GHG  #climatechange #rmüåø @Ronald_vanLoon https://t.co/Dq9rNPvNds""",0
1866141652815122770,"""JJFH Event Update For 2024-12-07 https://t.co/nz8U9rBE1w #Environment #ClimateChange #Methane #H2S #Fires #Explosions #Coast #Death #Flooding #Arctic #Heatwave #DryOrDie https://t.co/AHBpm7E4EX""",0
1866140320775483730,"""Didn't you know that all environmentalists are anti-semites? @GretaThunberg #ClimateAction #climatechange #Antisemitism https://t.co/cCWJVor7Oy""",0
1866139933041431025,"""Didn't you know that all environmentalists are anti-semites? @GretaThunberg #ClimateAction #climatechange https://t.co/cCWJVor7Oy""",0
1866139479221653766,"""The people who want to #JustStopOil seem to be complete ignorant of this information.  #GreenNewDeal #FossilFuels #Environment #GlobalWarming #ClimateChange #ClimateCrisis #WindPower #GreenEnergy #AOC #Science #Technology #Idiocracy #Oil #Petroleum #Luddites #Hypocrites https://t.co/qfDBivVrov""",0
1866138434777030852,"""Top Selling Auto Brands &amp; Groups for EV Sales in USA (Charts) https://t.co/NzjZnd5UQK #Tesla #EV #ClimateChange #Renewables #RenewableEnergy""",0
1866137894093513132,"""Climate crisis deepens with 2024 ‚Äòcertain‚Äô to be hottest year on record   #ClimateChange #ClimateCrisis    https://t.co/UAxAW7vWPe""",0
1866137397592764598,"""Analysis: Why the US$300 bill.üíµclimate-finance goal is even less ambitious than it seems:¬†activists¬†and¬†academics¬†note the US$300 https://t.co/ThuShv383D does not account for inflation; its ‚Äúreal‚Äù value could shrink by a 1/4 https://t.co/WLsitpCAOQ  #climatechange #climatecrisis""",1
1866137246136451368,"""To understand the needs of low-income #ruralpopulations facing #climateshocks, our latest report analyzes innovative financial solutions in #Guatemala that aim to support individuals affected by the severe impacts of #climatechange.  Read the report here: https://t.co/DH4DcK4qp1""",1
1866137113672012060,"""From @DigiLeaders and @robinknowles_ whilst we're now a few years on, this review of the advantages of online and hybrid events is still very useful:  https://t.co/oTmJDT2hUH #events #digital #ClimateChange #accessibility""",0
1866136627178856679,"""@Teletimenews recently entered into an enlightening discussion with Leonardo Vidigal, Channel AM at Worldsensing. He talked about our initiatives in #IoTsolutions aimed at #risksmitigation and managing the effects of #climatechange. Read the article: https://t.co/IkVY6vHrDI""",1
1866136213515616334,"""The Lucid Gravity Has Landed. Here's Why It Needs To Be A Hit https://t.co/YXOCKBI4qP #ElectricVehicles #Tesla #EV #Renewables #ClimateChange #RenewableEnergy""",0
1866136172457570784,"""üå°Ô∏è Climate science is a call to action to protect our planet and ensure a sustainable future. #ClimateChange #Environment""",1
1866136007902679157,"""@ncpedp_india @armanaly @MSJEGOI @socialpwds @moefcc @NPCCHH @WID_org @HLSPOD @Sensing_Climate @GDIHub @GDS_Disability @MyEDF @DisabRightsFund @IIED @IISD_news @KavyaPoornimaB @kumar_mahavir5 11/ ‚ÄòBuild Forward Better‚Äô (Sustainability) Where ‚ÄòWe All Belong‚Äô (Inclusion)!  Adv. Abhishek Kumar Kumar, Ranchi (Jharkhand, India)  NCPEDP-Javed Abidi Fellow on Disability [2021-2024] @ncpedp_india  #Disability #ClimateChange #Research #Advocacy #Campaign #DataDriven #Evidence""",0
1866135774300668157,""". Foraging in #March: #spring's edible plants  via @WoodlandTrust   https://t.co/007iT1TDcc  #ClimateAction #ClimateChange #health .""",0
1866135419311570962,"""Temperature drives who lives and who dies https://t.co/0lbZrsN8NN #globalwarming #ClimateChange #ClimateCatastrophe  As Ocean Oxygen Levels Dip, Fish Face an Uncertain Future https://t.co/ORQbIi0rCW via @YaleE360""",0
1866134604081455566,"""#Climate isn‚Äôt a lineal process https://t.co/VNcxS67NxL  #ClimateCrisis #ClimateCatastrophe #ClimateChange  Antarctic alarm bells: observations reveal deep ocean currents are slowing earlier than predicted https://t.co/Q87LNcpVJI via @ConversationEDU""",0
1866134477011046735,"""@ncpedp_india @armanaly @MSJEGOI @socialpwds @moefcc @NPCCHH @WID_org @HLSPOD @Sensing_Climate @GDIHub @GDS_Disability @MyEDF @DisabRightsFund @IIED @IISD_news 6/ that overlooks their specific needs of universal accessibility, reasonable accommodation, early warning system, etc., helps in achieving an all-inclusive, climate-resilient, sustainable, and universally accessible world that 'leaves no one behind'. #Disability #ClimateChange""",1
1866133274399048102,"""I shared this on Medium about #EcologicalCollapse and #ClimateChange some time ago. Take a look:  https://t.co/RFSgBK4tKv""",0
1866133227964170348,"""Temperatures are driving the path of species https://t.co/0lbZrsNGDl #globalwarming #ClimateCrisis #ClimateChange As Ocean Oxygen Levels Dip, Fish Face an Uncertain Future https://t.co/TXieD3Gke0""",1
1866130412730233261,"""Even we cut emissions #ClimateChange won‚Äôt stop https://t.co/VNcxS67NxL but If we don‚Äôt stop it will b√© worse #Climate paradox: Emission cuts could ‚Äòunmask‚Äô deadly face of climate change, scientists warn https://t.co/9GgJjYfTVq""",1
1866130280408633753,"""Money isn‚Äôt the problem, the problem is how much confort we want to sacrifice How Much Would It Cost to Solve https://t.co/GGbVH8zYVi #ClimateCrisis #ClimateAction  #ClimateChange? And How Would We Pay for It? https://t.co/ZyqxEgCKUK""",1
1866122377714663795,"""As #climatechange intensifies and adversely affects communities, policymakers should promote cross-sectoral collaboration to integrate #mentalhealth and climate agenda, note @Aparna_R1 and @PragyaNarayanan  https://t.co/flg2Q4k15x""",1
1866121352547062047,"""There is no proof that curtailing the current use of hydrocarbon fuels will have any effect on the Earth's climate.  There is more proof that natural forces cause #ClimateChange. https://t.co/oDyzVbb4Yl""",1
1866119400799305952,"""@Tablesalt13 Stop Giving your money away, where does all the money  go to fight something like #climatechange, hint NGO's? The federal government gave away billions for EV production. In #Canada there is enough to go around to help fix things but it needs to stay here.  #ClimateScam""",1
1866119357958332417,"""Facing #climatechange and #biodiversity loss, the #IndoPacific calls for a multi-dimensional approach, integrating scientific networks and community-led initiatives for a sustainable future, writes Weliswa Matekenya https://t.co/UkuMkKcG7b""",1
1866119146666176665,"""#Climatechange threatens global #biodiversity, with #extinction risks escalating at higher temperatures, if carbon #emissions üõ¢Ô∏è‚õΩÔ∏èüöóüöõüè≠j‚úàÔ∏èare not curbed, via @ScienceMagazine https://t.co/ntsOM5oQNU #ClimateCrisis #weather #ClimateEmergency #watercrisis #environment #news""",1
1866117953994801383,"""Did you sip yout coffee this morning? ‚òï  It has a daaaamn cost on the environment as well. And the industry might soon get into crisis mode   Read the story of today to know more about it!  https://t.co/iSiBdDLzhL   #climatechange  #coffee  #climatenews  #sustainability""",1
1866116922795794864,"""Insurance &amp; #ClimateChange are more closely tied than many people realize w/ experts saying there‚Äôs a ‚Äòtight correlation‚Äô between premium rises &amp; counties deemed most at risk from #ClimateCrisis, a sign #ESG is considered whether intentionally or not. https://t.co/e9JblQJg23""",1
1866101658402554336,"""@Ed_Miliband You‚Äôre truly twp Edstone @Ed_Miliband for that crass destruction of out UK‚Äôs last coal power station; your Marxist thru and thru, like father like son, you seek the destruction of our British way of life in pursuit of @WEF‚Äôs unachievable goals, including that #ClimateChange scam!""",1
1866100745885393189,"""Contrary to right-wing propaganda, the #ColdWar actually ended due to #ClimateChange.""",1
1866098720137248933,"""""I think we can find a lot of hope in the power of science.""  At @Imperial_IGHI's special lecture, @JuliaGillard, Chair of @wellcometrust &amp; former Prime Minister of Australia, delivered a powerful message on tackling global challenges like #ClimateChange. https://t.co/SG61MNS45U""",1
1866098025359130997,"""üåçüíäA new project aims to develop a framework to explore how #ClimateChange impacts healthcare costs, family expenditures + access inequalities in Brazil‚Äîbuilding resilience + shaping sols for vulnerable populations. @siqueira_noemia  Read more üîóhttps://t.co/NcXTgRSaRe""",1
1866097317108920701,"""Climate change is reshaping Florida‚Äôs Everglades. Rising seas and hotter temps are disrupting gator and croc habitats‚Äîthese creatures are a warning sign for the future of our ecosystem.  #Ecosystem #ClimateChange https://t.co/HkaPYChrse""",1
1866096434153406835,"""@ProfMarkMaslin IMHO #climatechange is a bad wording. People should be talking about #GlobalWarming and it's impact. It's quiet clear that there is man made global warming and that one of it's impacts is the climate changing. [Climate] change is inevitable. Therefor it's easy to deny or downplay‚Ä¶ https://t.co/VQb0lvTVbO""",1
1866092314159911351,"""#Capitalism induced #ClimateChange is the new way of #Colonialism and of #Slavery! https://t.co/oIXUR7Bm99""",1
1866090665442201637,"""@LeopoldHeinrich Interesting insights on the jet stream's impact! Could this polar air reach lead to extreme weather events in the southern regions? It‚Äôs important to consider how this might affect energy demands and infrastructure. #ClimateChange #Energy""",1
1866090444720873540,"""A new climate lawsuit in North Carolina takes on energy giant Duke Energy, addressing greenwashing and corporate denialism. As climate risks grow, holding corporations accountable for their actions and misleading narratives is more critical than ever. #ClimateChange #Greenwashing""",1
1866084880834261102,"""The impact of climate change on agriculture necessitates adaptive farming techniques and policy support to ensure food security in a rapidly changing environment. Innovation in agriculture is key. #ClimateChange #FoodSecurity #AgricultureInnovation""",1
1866083744076926996,"""Indian Growth at Risk: Climate change poses a significant threat to India's economic ambitions. As temperatures rise, so do the challenges. #ClimateChange #IndianEconomy https://t.co/kuFyfBFfmq""",1
1866082494514360467,"""As far as the winds blows you know that's how climate change will drive humanity on earth. Theres no place we will reside. #EarthWeNoLongerBelong #Time #Hope #IsThereHope #humanity #TwitterX #climatechange #civilization #ClimateEmergency #IGreen #alifeonourplanet #nature #Twitter""",1
1866081106010755106,"""Although climate change mitigation and adaptation are similar, understanding their differences is essential to developing a comprehensive approach to business sustainability.  #ClimateChange #PurposeDriven https://t.co/zarJVN5vTQ""",1
1866076538472448098,"""In a global context, the UK climate and methane problem is insignificant. So, let's not risk it with an additive that might be safe, or might not be safe. #climatechange #UK #milk #methane""",1
1866073585120313515,"""Well, it happened... The first #coralbleaching event in #RajaAmpat #Papua ... There's no place left on the planet now that hasn't been affected by the very rapid, human-caused #ClimateChange üíîüíîüíîüíî""",1
1866062067746157011,"""If you live in one of these 13 states, your power prices are set to surge. Here are 3 actions to take now The digital #economy and #climatechange are reshaping the grid, and price volatility is likely here to stay. https://t.co/xkL5VQVIg6 #energy #climate""",1
1866045197336944981,"""üå±üåæ#Climatechange is cutting food supplies as heat, drought, floods &amp; salinity stress our crops.  The solution? Adapt crops for resilience wiht #geneediting for stress tolerance!  More in @FrontiersIn ‚û°Ô∏è https://t.co/XW6W7qNHd6  #GrowingTheFuture""",1
1866044707526091079,"""@IPCC_CH The world‚Äôs leading minds are uniting in Kuala Lumpur to shape the IPCC's 7th Report‚Äîguiding the fight against #climatechange. Science is our strongest ally; collaboration is our path forward. üåç‚úçÔ∏è #ClimateAction #IPCC7""",1
1866043860163432636,"""#COP29‚Äôs climate finance deal, falling short of the $1 trillion demand, reveals the lack of global cooperation on #climatechange. Developing nations call for public funding, but high-interest #loans are not the answer: @vikrom_mathur https://t.co/DJEp0oQp9s""",1
1866036226807247050,"""@RadioGenoa She is thick as two short planks &amp; is a sandwich short of a picnic if she thinks that Does she not know #climatechange is a scam &amp; is a money making scheme for the elite Whose the racist ?  What a ‚¨áÔ∏è https://t.co/MuUTdgxwPG""",1
1866031783478743057,"""If these were casualties from conflict, how would we react?   We have to see climate change as the most serious humanitarian crisis there is.  #ClimateChange #ClimateCrisis  https://t.co/2nMSBxT3Sa""",1
1866025071938036111,"""@barram_francis @Santosh25324539 @Bowenchris Have you investigated the truth of why the @MineralsCouncil is supporting Dutton dangerous nuclear dream. It's to perpetuate coal,like the coalition did for 10 years. The science is clear we must #EndFossilFuels. #NuclearIsNoAnswer 2 energy prices or #climateChange""",1
1866021535774904703,"""We are seeing, with increasing regularity, how the #ClimateChange existential crisis narrative is permitting things to be done which otherwise would be intolerable to a society of free and democratic people. https://t.co/F2E4ri5BoY""",1
1866021141980098944,"""While tech advancements like #cryptocurrency show promise for future economies, can we ignore its huge carbon footprint? Is convenience now more critical than #ClimateChange? If we don't prioritize our planet, advanced tech will be meaningless. Sparking a dialogue with #Eco""",1
1866018694079377605,"""#Climatechange is a major hurdle for #SDGs, threatening food security, water access &amp; poverty reduction, especially in regions like #SouthAsia. India must focus more on climate adaptation for #sustainablegrowth: @soumyabh_swears https://t.co/IPNfJFFRJx""",1
1866015695198126268,"""#Farmers #ClimateChange effects seen in crops again this year.Beaware from Expensive and black Hybrid seeds,fertilizers #Corruption #GMCrops also coming to destroy our #Agriculture land. Let's start #ClimateSolutions based farming. #Rayya""",1
1866013691767910607,"""SEAWEED AND SISTERHOOD: A BRIEF EVALUATION OF WOMEN‚ÄôS PARTICIPATION IN THE INDUSTRY #Seaweeds generate an eco-friendly way of life for small-scale harvesters and farmers and play an integral role in addressing #climatechange https://t.co/WagZZIKEZ7""",1
1866009724199600262,"""#ClimateChange is the sum of a continuous polluting action and a perpetual paralysis caused by economic interests https://t.co/VNcxS67NxL #ClimateCatastrophe  Fate isn‚Äôt written but it won‚Äôt b√© more different of forecasted https://t.co/Ejg07jgTT8""",1
1866004474663514313,"""Overlapping climate impacts like erosion, sea level rise, and permafrost thaw are reshaping Alaska‚Äôs Arctic coastlines. By 2100, land loss may surpass historical changes.  #ClimateChange #Arctic #Alaska https://t.co/fiZgQuwfOW""",1
1865997136099447059,"""@lakshmikanth_nr and I write for @the_hindu on the changing rainfall patterns in Marathwada and its implications for the farmers. #Climatechange is real more than ever and witnessing this first-hand in our #field visits led us to dig deeper. @WELLLabs_org  https://t.co/2wUhCArvxS""",1
1865980954814124450,"""Biden admin brought unprecedented climate change prosecution against man for ‚Äòsmuggling greenhouse gases‚Äô by transporting refrigerants #Greenhousegas #EPA #Smuggling #Climatechange https://t.co/Rk94gPpgOt""",1
1865976300197851521,"""Did you know? Today is December 8th, 2024, and we're still fighting against resistance to clean energy. There are amazing projects waiting to save our planet. Don't stay still, join the action! #RenewableEnergy #ClimateChange  https://t.co/WrfYNJuwnj""",1
1865969352530661835,"""Trump To Nix Climate Change As National Security Threat. The president is due to give a speech about his national security plans later on Monday. #ClimateChange #NationalSecurity $BOME $XRP""",1
1865949801315172555,"""#ClimateChange #PoliticalInstability and #TechnologicalDisruption perhaps we‚Äôre witnessing the emergence of a Hegelian Century! Conflict, crisis, and synthesis driving global transformation! #GlobalShifts #DialecticalProgress #HistoryInTheMaking""",1
1865928351308828882,"""EU To Invest 1 Billion Euros To Boost Domestic Supply Of Battery Components https://t.co/G1dJ34qNSb #Tesla #EV #ClimateChange #Renewables #RenewableEnergy""",1
1865909277656793559,"""In November 2024, #Singapore and #Germany upgraded to a #StrategicPartnership, enhancing cooperation in growth, #ClimateChange, #security, and #technology ahead of their 60th anniversary in 2025.  Read the overview here ‚¨áÔ∏è https://t.co/8NCH7K08XM""",1