1874561494442291554,18663584,2025-01-01T21:01:02.000Z,"""Legacy of Biden's America. #BuildTheWall https://t.co/HcchgkbJBQ"""
1874557845292921148,20164500,2025-01-01T20:46:32.000Z,"""#BuildTheWall around Texas till we figure this shit out"""
1874556502352318624,1106669050971725826,2025-01-01T20:41:12.000Z,"""Security borders are racist #BuildtheWallDeportThemAll #BuildtheWall #religionofpeace https://t.co/aqSzcRZRir"""
1874534178383163771,208867924,2025-01-01T19:12:29.000Z,"""but but #Buildthewall üòÇüòÇ https://t.co/bb9lXz6mcB"""
1874526143925440696,826672071900065792,2025-01-01T18:40:34.000Z,"""@iChaseCheccs @news_fuentes @FOX8NOLA 42 year old member of ISIS  Truck came through the border in Eagle Pass, TX  #BUILDTHEWALL"""
1874519422767124743,1750032971904753664,2025-01-01T18:13:51.000Z,"""Just so y'all know.....The #RealNewYears starts on January 20th. And...I hope as soon as #Trump is sworn in and still at the podium he turns and signs the order to close the #border, #BuildTheWall! That would be in Trump dramatic style and make a big exclamation point,‚Ä¶ https://t.co/1hsvEeVOMt"""
1874505674841018678,1815391560818733056,2025-01-01T17:19:14.000Z,"""Is this not-#treason ???? #crimesagainsthumanity #buildthewall #moneylaunndering #Ukraine  You MUST ask why are #WeThePeople are not important to The Biden Administration.  #HappyNewYear2025 #Government #neglect https://t.co/Zi9FRofiaW"""
1874499488414597492,3376618858,2025-01-01T16:54:39.000Z,"""This tragedy is totally  due to the border mess brought to you by the #BidenHarrisAdministration ! #buildthewall #AmericaFirst https://t.co/GzNTDIgyrM"""
1874498963765878891,1837877343064576000,2025-01-01T16:52:34.000Z,"""@DaAlterWalter @JoeBiden @KamalaHarris Absolutely, it's time for change! @JoeBiden and @KamalaHarris must be held accountable for the devastating consequences of their open borders policy. It's time to take back control of our nation and prioritize American citizens over illegal immigrants. #MAGA #BuildTheWall"""
1874491571355496863,4065441917,2025-01-01T16:23:11.000Z,"""@deeeeetaur Sickening! Trump is right to address the border security issue and protect American citizens. It's time for Democrats to stop playing politics with people's lives. #MakeAmericaSafeAgain #BuildTheWall"""
1874489645473603738,1867936218,2025-01-01T16:15:32.000Z,"""This is the exact reason why this country elected Trump. This type of chaos and carnage was made possible by Democrats. If you voted blue you have blood on your hands just as much as they do. #MAGA #BuildTheWall #EndTheCarnage https://t.co/DN8Nk0EZyf"""
1874489635386302584,1838194345582985218,2025-01-01T16:15:30.000Z,"""@Liberacrat Just when you thought Democrats couldn't be more out of touch with reality, they prove you wrong again. #NewYearNewCrisis #BuildTheWall"""
1874488413078081543,3102627233,2025-01-01T16:10:38.000Z,"""Horrible start to 2025 üíî  An ILLegal with Texas license plates. #BuildTheWall Help @ICEgov https://t.co/3CayyEeQdJ"""
1874487835279118455,1849741195221831680,2025-01-01T16:08:20.000Z,"""@JimmyJamesDTX Joe Biden's policies are endangering our nation by allowing terrorists to enter and by selling off the very tools that would keep us safe. #MAGA #BuildTheWall"""
1874464978448658711,1404455729935929353,2025-01-01T14:37:31.000Z,"""a typical anti-DeSantis Trumphucwad argument goes something like this..  in '17 &amp; '18 Obamacare wasn't repealed and Trump couldn't get funding to #BuildTheWall  Trumphucwads: That's the RINO GOP Congress's fault!  in Governor DeSantis' 1st term RINO Rick's red flag laws weren't‚Ä¶ https://t.co/YbTumdNtFN"""
1874452240104362066,27385174,2025-01-01T13:46:54.000Z,"""Happy 2025 @realDonaldTrump Finish #BuildTheWall Deport #IllegalAliens No Welfare Illegal Leeches Death for Human Trafficker Low Inflation via Energy Costs Rebuild Military Biden Destroyed Declare War on Vile Drug Cartels @cspanwj  https://t.co/0STudKnMr2 https://t.co/IDYQBmGSk9‚Ä¶ https://t.co/71bMwttTPg"""
1874451589605597240,951750720,2025-01-01T13:44:19.000Z,"""@prezidentpavel ü´°üá∫üá¶üá∏üá™üá™üá∫ Except for Quislings and putinlovers ü§£ Cut all connections to russia, close the sea, close the sky, build the wall and arm Ukraine  #NAFO #ZelenskyyWarHero  #chinaIsShit #MUGA #StandWithUkraine  #StandWithGeorgia  #MakerussiaSmallAgain #russiabankcollapse #BuildTheWall"""
1874443754968695175,1761804775014748160,2025-01-01T13:13:11.000Z,"""@wbz Good! If they're here illegally ... if they came illegally or they overstayed their visas ... they need to go.  Every. Single. One.  #BuildTheWall #DeportThemAll"""
1874421396253909311,1450252794586349568,2025-01-01T11:44:20.000Z,"""The Trump effect is already rippling across the world. When you stand firm against the madness, they‚Äôll have no other option but to respond appropriately. #BuildTheWall https://t.co/rB55TqBLrr"""
1874336761268363292,154136730,2025-01-01T06:08:02.000Z,"""Steve Bannon Ramps Up MAGA Civil War With Graphic Threat to Elon Musk - The Daily Beast  - Bannon pretending his movement isn*t about #PowerAndMoney is rich - what about his #Fraud with respect to a fund powered by everyday citizens to #BuildTheWall?  https://t.co/puZ59rurXX"""
1874294512044171720,1849065000645873664,2025-01-01T03:20:09.000Z,"""@Negro111960 You're absolutely right, we need a leader who will stand up for our country and protect our borders. We deserve better than what the Democrats have been offering. #MAGA #BuildTheWall"""
1874253705006243842,1594183287437770753,2025-01-01T00:37:59.000Z,"""@iamyesyouareno @huskerndanati ""Diversity makes us stronger"" Is one of the biggest government lies today! #Deport #BuildTheWall  #CloseTheBorder"""
1874953236156960930,1801993605478744064,2025-01-02T22:57:41.000Z,"""@DreamLeaf5 Immigrants on suicide watch. #BuildTheWall"""
1874939573794742699,1481388429288030214,2025-01-02T22:03:23.000Z,"""@cwebbonline We understand that there are 1 million active warrants for deportation right now. We believe there are hundreds of thousands of these illegals sitting in federal and state prisons. #LetsStartThere #DeportThem  #BuildTheWall"""
1873516027411353877,1837760039345704960,2024-12-29T23:46:43.000Z,"""@Tiffany26075727 @gatewaypundit Disgraceful! Leftists sabotaging our nation for political gain, putting citizens at risk. Thank you, President Trump, for fighting back against their underhanded tactics and standing up for the American people. #MAGA #AmericaFirst"""
1873513718325326054,1849249543357128705,2024-12-29T23:37:33.000Z,"""@carolinagirl63 Absolutely! Securing the border is essential for America's safety and prosperity. I trust President Trump to take decisive action on this issue. #SecureTheBorder #AmericaFirst"""
1873511965852832111,1755011139174268928,2024-12-29T23:30:35.000Z,"""@atensnut @lucaforsure @realDonaldTrump The recent Speakers were #RINOs and members of the Deep State!  They make back room deals with their fellow Democrats. A new #AmericaFirst Speaker is needed immediately. Use your influence to make that happen. Only THEN does your agenda have a prayer!"""
1873510350123049454,1832656081371430912,2024-12-29T23:24:10.000Z,"""This is a real issue folks. Taxing hardworking Americans to fund New York's spending while letting foreign giants off the hook? Unfair! We need to prioritize American interests. #AmericaFirst #TaxationWithoutRepresentation https://t.co/2hgIOsfHey"""
1873408740529148026,1688719473014943745,2024-12-29T16:40:24.000Z,"""Hear me out, a meritocracy but for American citizens.  And to drive my idea a little bit harder, here is a hashtag.  #americafirst"""
1873322732500471934,1385924487133212674,2024-12-29T10:58:38.000Z,"""To combat H-1B program abuse &amp; support local talent:   1. Raise salary thresholds for visas  2. Prioritize skill &amp; merit  3. Cap applications per employer  4. Enhance oversight &amp; penalties  5. Invest in local STEM education   #H1Bvisas #AmericaFirst https://t.co/4D9TO2PixW"""
1873267130164208065,286873901,2024-12-29T07:17:42.000Z,"""@NabeelAzeezDXB That‚Äôs ok, it‚Äôs what makes America unique. We have a long history of winning more than losing with meritocracy. Legal immigration is the sauce that keeps it from burning. #AmericaFirst üá∫üá∏"""
1873205816183996526,1514753238905597959,2024-12-29T03:14:03.000Z,"""@elonmusk @VivekGRamaswamy @realDonaldTrump  1. #AmericaFirst Americans First 2. #Merit Based achievement  3.  If you can't find an American to do the job then hire a foreigner  When I grew up thats the way it was , all the years of bullshit in our education system &amp; the judicial‚Ä¶ https://t.co/kG1GZ2JO1o"""
1873203178176692620,1642306396762034176,2024-12-29T03:03:34.000Z,"""ELON‚Äôs RIGHT AGAIN! This is a MERITOCRACY! (rule by merit) I don‚Äôt give a shit where your born, if you come legally you can make yourself an American by heart just as the founding fathers did! WORK YOUR ASS OFF AND HAIL COLUMBIA! #AmericaFirst #MAGA #AmericanWay #AmericanDream https://t.co/Qi4NKvAJMt"""
1873369855292031304,1309819186412216326,2024-12-29T14:05:53.000Z,"""@elonmusk No @elonmusk we (white Americans) r not lazy many of us busy our asses for years only to get sidelined by h1b visa cheap labor! We better ourselves @ our own expense, work hard &amp; sacrifice, WE ARE NOT RACIST or lazy!! On this topic I disagree with you wholeheartedly #AmericaFirst"""
1873218284570722311,1085788904,2024-12-29T04:03:36.000Z,"""@jasondebolt It's a shame when extreme sides try to tear apart the things that make America thrive.   H1B visas bring talent, innovation, and hard work‚Äîqualities that benefit everyone.   Let‚Äôs not let political extremism blind us to what truly powers progress.   #AmericaFirst"""
1873161260277350856,1599621805488017409,2024-12-29T00:17:00.000Z,"""The Rift is between MAGA and the Grift.  #AmericaFirst   It means we must look within to make America great. If we need outsiders to MAGA, then be prepared for a freedom invasion. If we can't secure our borders, prepare for annexation until we can. https://t.co/UQO1NVAFM9"""
1873513718325326054,1849249543357128705,2024-12-29T23:37:33.000Z,"""@carolinagirl63 Absolutely! Securing the border is essential for America's safety and prosperity. I trust President Trump to take decisive action on this issue. #SecureTheBorder #AmericaFirst"""
1873505715433914437,1402769452463276033,2024-12-29T23:05:45.000Z,"""@TimRunsHisMouth The costs of illegal immigration far outweigh the price of deportation. Time to prioritize Americans first! üá∫üá∏ #SecureTheBorder #AmericaFirst"""
1873441398462288033,2336685285,2024-12-29T18:50:10.000Z,"""@chewie1238 @gatewaypundit Disappointing to see the left continuously sabotaging our president, who is working diligently to protect our borders and keep our citizens safe! Let's stand together as Americans and support our leader! #AmericaFirst #Trump2024"""
1873432445015769153,1833139006907023361,2024-12-29T18:14:36.000Z,"""@Columbo_1971 I believe that Trump will make America great again by securing our border, reducing crime, and protecting American jobs. #MAGA #AmericaFirst"""
1873361744145564148,1849686418928570368,2024-12-29T13:33:39.000Z,"""@Realtruth1978 Trump's policies have already proven to be effective in reducing illegal immigration, and his commitment to securing our borders will continue to benefit all Americans. #SecureBorders #AmericaFirst"""
1873448979817779636,1872908690602201088,2024-12-29T19:20:18.000Z,"""@LexLitzen Yes. We have a tech shortage at the moment that needs addressed or we‚Äôll be chinas bitch for the next century. He‚Äôs putting #AmericaFirst by bringing in the best and brightest in Tech. You, like most Americans, didn‚Äôt go into tech, so you are part of the problem ü§∑‚Äç‚ôÇÔ∏è"""
1873445906877735086,1872908690602201088,2024-12-29T19:08:05.000Z,"""@harryjsisson There is no civil war. There are patriots who want the best and brightest to put #AmericaFirst and #MakeAmericaGreatAgain and there are crybabies without employable skills who want to be DEI hires"""
1873415564099826135,1872908690602201088,2024-12-29T17:07:31.000Z,"""@Highway_30 Bro, you are asking tech companies to water down our hiring standards to ensure employability for unqualified people based on identity politics. Only RINOS support DEI. Put #AmericaFirst and hire the best and brightest. Otherwise, China will eat our cookies for the next 100 years"""
1873414360502346235,1872908690602201088,2024-12-29T17:02:44.000Z,"""@NotTodayGlowies @elonmusk @RobertMSterling Bro, you already lost. Trump and Elon are both putting #AmericaFirst by hiring the best and brightest. Stop asking for watered down hiring standards to ensure employability for unqualified people based on identity politics. You clearly support DEI, RINO"""
1873209022956093800,1832656081371430912,2024-12-29T03:26:48.000Z,"""This is a major step forward for America's competitiveness! Modernizing the H1B program ensures we keep the best talent and protect our startups. Let's make America stronger! #ImmigrationReform #AmericaFirst https://t.co/MpY530imyE"""
1873193874249887925,1832656081371430912,2024-12-29T02:26:36.000Z,"""American Green Card holders contribute to the American dream! But we must be cautious with H1B visa misuse. Reform should aim to uplift the best, not exploit the system. Together, let's focus on America First! #ImmigrationReform #AmericaFirst https://t.co/y2Rycab4dE"""
1873173841704550890,1787221526120407040,2024-12-29T01:07:00.000Z,"""I‚Äôm not really understanding all of this controversy with the H-1B program.  Part of being #AmericaFirst is bringing the best and brightest in the world to America. Why can‚Äôt doing that AND strengthening education and incentive for natural born citizens live in the same universe?"""
1873171085488967883,1776338070981279744,2024-12-29T00:56:03.000Z,"""https://t.co/X4veD2ODj0 Trump &amp; EM are right about foreign tech talents.  We need them to continue US leadership in technology and create more jobs. America must beat China &amp; provide open immigration to global talents. @realDonaldTrump @elonmusk #MAGA #America #AmericaFirst #USA"""
1873540857590333783,1586224931909652480,2024-12-30T01:25:23.000Z,"""We want to attract the best and brightest. They are not all born in America. We need to IMPORT them #H1B #H1Bvisas #H1BScam  Don't throw the  baby out with the bathwater #MAGA   Prioritize #AmericaFirst Extreme sides isn't the answer. #Vivek #Elon https://t.co/Xo4XktY6UU"""